last_name, first_name,player_id,attempts,avg_hit_angle,anglesweetspotpercent,max_hit_speed,avg_hit_speed,fbld,gb,max_distance,avg_distance,avg_hr_distance,ev95plus,ev95percent,barrels,brl_percent,brl_pa
Stanton, Giancarlo,519317,187,15.6,28.9,120.3,96.0,102.5,91.7,479,221,424,99,52.9,45,24.1,14.2
Cruz, Nelson,443558,427,9.6,35.6,119.0,92.4,97.5,88.7,483,181,412,201,47.1,60,14.1,9.2
Trout, Mike,545361,422,14.0,39.6,117.7,92.9,96.9,88.7,477,204,410,205,48.6,69,16.4,10.1
Gonzalez, Carlos,471865,428,8.2,31.3,117.1,89.8,94.3,87.0,468,175,421,164,38.3,47,11.0,7.7
Ramirez, Hanley,434670,334,6.8,29.6,116.6,90.2,94.9,88.5,445,151,403,139,41.6,26,7.8,6.0
Trumbo, Mark,444432,377,13.0,31.6,116.5,91.9,94.5,91.9,464,182,412,161,42.7,37,9.8,6.8
Rodriguez, Alex,121347,385,12.1,31.7,116.5,91.3,95.6,88.1,471,183,406,167,43.4,42,10.9,6.8
Bautista, Jose,430832,445,16.7,30.3,116.3,92.0,95.6,90.8,461,203,409,203,45.6,56,12.6,8.4
Soler, Jorge,624585,248,10.9,37.5,116.2,91.7,94.8,89.4,427,182,398,107,43.1,25,10.1,6.2
Garcia, Avisail,541645,416,6.3,34.9,116.1,88.5,92.6,85.6,454,159,402,156,37.5,20,4.8,3.3
Harper, Bryce,547180,394,14.5,37.8,116.0,91.2,94.8,88.7,461,189,402,187,47.5,52,13.2,8.0
Peralta, David,444482,362,5.9,35.4,116.0,91.3,95.6,88.5,442,170,404,154,42.5,28,7.7,5.4
Polanco, Gregory,570256,475,9.8,31.6,115.6,89.0,92.3,87.5,418,170,395,186,39.2,21,4.4,3.2
Morse, Michael,434604,153,0.5,34.6,115.6,90.4,96.5,86.1,417,143,402,60,39.2,15,9.8,5.9
Cabrera, Miguel,408234,349,12.3,36.4,115.6,93.6,97.3,91.0,465,185,411,185,53.0,37,10.6,7.2
Rollins, Jimmy,276519,433,14.8,32.3,115.5,84.5,89.6,79.6,422,174,392,100,23.1,11,2.5,2.0
Alvarez, Pedro,476883,310,6.9,28.7,115.4,91.8,98.4,87.6,479,160,417,146,47.1,38,12.3,7.7
Venable, Will,461416,257,2.5,27.2,115.2,85.7,88.7,85.3,424,125,397,85,33.1,6,2.3,1.5
Grandal, Yasmani,518735,267,11.2,27.3,115.1,90.0,94.7,87.8,439,173,404,113,42.3,24,9.0,5.6
Correa, Carlos,621043,313,8.3,31.6,115.1,89.9,94.3,87.3,469,158,400,127,40.6,28,8.9,6.5
Conforto, Michael,624424,137,13.3,33.6,115.0,92.2,96.1,88.5,444,191,397,64,46.7,13,9.5,6.7
Gallo, Joey,608336,51,15.2,41.2,115.0,91.5,99.8,80.7,445,202,422,27,52.9,9,17.6,7.3
Bour, Justin,571506,309,9.0,25.9,115.0,90.8,94.8,90.2,452,165,410,134,43.4,28,9.1,6.3
Braun, Ryan,460075,394,7.5,32.0,114.9,92.1,95.6,89.6,474,173,410,179,45.4,42,10.7,7.4
Abreu, Jose,547989,474,10.1,31.6,114.9,90.9,94.4,89.4,447,166,396,197,41.6,46,9.7,6.9
Machado, Manny,592518,528,12.1,30.1,114.9,90.3,94.4,88.4,440,180,399,219,41.5,40,7.6,5.6
Fielder, Prince,425902,530,9.8,29.6,114.9,90.8,93.2,90.3,447,170,408,235,44.3,34,6.4,4.9
Schoop, Jonathan,570731,229,12.8,35.4,114.7,89.7,94.4,87.9,484,183,413,93,40.6,20,8.7,6.2
Ozuna, Marcell,542303,351,7.6,30.2,114.5,91.8,95.8,90.0,434,159,415,158,45.0,21,6.0,4.3
Desmond, Ian,435622,406,5.1,26.6,114.4,89.6,94.6,86.8,477,149,415,166,40.9,29,7.1,4.5
Pederson, Joc,592626,314,13.5,28.7,114.3,90.5,96.5,86.9,477,184,419,142,45.2,37,11.8,6.3
Flowers, Tyler,452095,230,10.9,28.7,114.2,90.1,92.1,90.3,448,159,411,93,40.4,13,5.7,3.6
Canha, Mark,592192,348,13.0,30.7,114.2,89.3,93.6,87.6,440,168,403,128,36.8,27,7.8,5.6
Ramos, Wilson,467092,382,4.5,30.6,114.2,90.5,96.0,87.6,447,143,405,169,44.2,25,6.5,5.0
Springer, George,543807,284,8.8,36.3,114.2,89.6,94.9,84.7,428,172,404,118,41.5,28,9.9,6.2
Duda, Lucas,446263,336,19.7,41.1,114.1,91.7,94.3,88.8,456,226,408,141,42.0,39,11.6,7.0
Reynolds, Mark,448602,263,13.0,30.0,114.1,87.5,92.3,84.0,451,177,410,87,33.1,22,8.4,5.1
Freese, David,501896,320,6.1,30.0,114.1,89.0,94.5,86.2,451,149,396,123,38.4,24,7.5,5.1
Encarnacion, Edwin,429665,440,16.8,32.0,114.0,90.2,94.7,87.1,462,184,407,195,44.3,47,10.7,7.5
Goldschmidt, Paul,502671,423,13.0,40.2,114.0,92.0,96.9,87.4,471,200,406,195,46.1,53,12.5,7.6
Sandoval, Pablo,467055,400,9.5,29.3,114.0,88.0,91.9,86.9,430,160,395,135,33.8,19,4.8,3.8
Pujols, Albert,405395,533,13.8,29.6,114.0,90.6,93.8,89.0,454,188,405,204,38.3,42,7.9,6.4
Upton, Justin,457708,388,16.1,30.4,113.9,90.0,93.5,88.1,458,188,397,152,39.2,42,10.8,6.8
Hosmer, Eric,543333,495,5.5,30.5,113.9,89.0,94.6,86.0,446,156,408,202,40.8,36,7.3,5.4
Vargas, Kennys,573627,121,5.8,28.9,113.9,88.1,90.8,86.8,451,141,421,50,41.3,6,5.0,3.3
Cron, C.J.,543068,299,12.3,32.4,113.9,88.2,93.5,85.7,457,174,411,106,35.5,26,8.7,6.4
Carter, Chris,474892,245,21.0,33.1,113.8,91.2,97.4,83.5,454,221,407,115,46.9,38,15.5,8.3
Rosario, Wilin,501647,177,5.8,27.1,113.8,88.0,93.4,85.4,460,143,415,60,33.9,8,4.5,3.3
Paredes, Jimmy,517370,254,7.7,32.7,113.8,89.6,94.5,85.7,432,166,390,109,42.9,14,5.5,3.6
Moss, Brandon,461235,324,19.4,36.7,113.7,89.0,94.5,83.1,454,205,405,129,39.8,39,12.0,7.4
Donaldson, Josh,518626,499,10.0,31.9,113.6,92.1,96.4,88.8,481,180,409,231,46.3,61,12.2,8.6
Ortiz, David,120074,442,15.6,35.1,113.6,92.9,96.9,89.5,468,203,405,216,48.9,58,13.1,9.4
Morrison, Logan,489149,379,10.6,29.6,113.6,89.1,92.3,87.6,442,171,399,142,37.5,26,6.9,5.1
Sano, Miguel,593934,162,16.4,40.7,113.6,94.0,98.9,87.0,448,219,406,84,51.9,33,20.4,9.9
Pence, Hunter,452254,159,2.9,33.3,113.5,90.0,95.2,86.3,450,152,414,60,37.7,19,11.9,8.5
Morales, Kendrys,434778,470,10.1,34.7,113.4,91.8,95.1,88.9,469,185,405,224,47.7,42,8.9,6.6
Miller, Brad,543543,347,8.0,29.1,113.4,89.0,93.1,86.6,436,161,391,139,40.1,15,4.3,3.0
Holliday, Matt,407812,183,8.1,29.5,113.3,90.4,91.0,91.2,423,161,399,73,39.9,9,4.9,3.2
Herrera, Odubel,546318,372,5.9,33.6,113.3,87.0,90.9,84.5,439,162,410,126,33.9,12,3.2,2.2
Shaw, Travis,543768,171,15.4,38.6,113.3,88.6,91.2,86.6,443,196,405,62,36.3,13,7.6,5.2
Murphy, Daniel,502517,467,12.2,33.8,113.3,90.0,93.1,88.4,428,172,393,179,38.3,24,5.1,4.5
Middlebrooks, Will,519025,199,15.5,31.2,113.3,88.6,93.0,85.0,419,189,394,71,35.9,15,7.5,5.6
Davis, Chris,448801,370,17.3,41.1,113.2,91.8,96.5,85.4,458,215,404,171,46.2,65,17.6,9.7
Robinson, Clint,519208,258,11.6,34.1,113.2,89.6,92.4,87.6,449,180,411,92,35.7,12,4.7,3.4
Martinez, J.D.,502110,421,16.0,40.4,113.2,91.2,95.9,84.9,467,215,399,204,48.5,74,17.6,11.3
Souza Jr., Steven,519306,231,13.5,28.1,113.2,88.0,94.5,84.3,446,167,404,90,39.0,23,10.0,5.4
Castro, Starlin,516770,461,6.9,28.6,113.2,86.2,90.3,84.6,448,146,412,129,28.0,20,4.3,3.5
Kang, Jung Ho,628356,323,6.9,33.1,113.1,90.5,95.4,87.3,472,162,415,149,46.1,31,9.6,6.6
Pham, Tommy,502054,113,6.4,34.5,113.0,91.5,95.6,89.3,432,180,402,50,44.2,13,11.5,7.5
Johnson, Chris,453400,170,10.5,33.5,112.9,88.7,91.8,85.7,437,172,417,63,37.1,9,5.3,3.5
Cespedes, Yoenis,493316,497,12.2,32.4,112.9,92.0,96.1,88.7,442,189,408,223,45.0,56,11.3,8.3
Parker, Kyle,592621,69,10.5,31.9,112.8,87.4,94.0,82.9,466,182,437,24,34.8,6,8.7,5.4
Plawecki, Kevin,608700,177,10.2,33.3,112.8,88.3,91.8,86.7,410,166,395,56,31.6,6,3.4,2.3
Orlando, Paulo,449181,191,9.5,32.5,112.8,86.4,92.0,83.4,426,172,395,72,37.7,10,5.2,4.0
Beltran, Carlos,136860,399,15.4,34.3,112.8,90.6,93.2,89.5,434,198,384,166,41.6,23,5.8,4.3
Montero, Jesus,524968,80,12.8,32.5,112.8,91.1,93.1,89.8,431,172,407,35,43.8,7,8.8,6.0
Iannetta, Chris,455104,192,15.6,24.0,112.8,89.3,93.2,87.1,458,188,403,68,35.4,13,6.8,4.1
Werth, Jayson,150029,253,15.4,35.2,112.7,90.0,94.9,85.4,448,197,408,103,40.7,20,7.9,5.3
Taylor, Michael A.,572191,317,7.6,33.4,112.7,86.3,93.4,80.6,493,168,413,113,35.6,20,6.3,3.9
Lagares, Juan,501571,358,8.1,25.4,112.7,90.1,92.0,90.2,415,144,381,145,40.5,6,1.7,1.3
Valencia, Danny,502143,268,6.1,33.6,112.6,91.5,94.9,89.6,441,159,402,124,46.3,27,10.1,7.1
McCann, Brian,435263,375,17.1,30.1,112.6,89.0,92.5,87.0,437,190,389,135,36.0,21,5.6,3.9
Puig, Yasiel,624577,217,12.1,30.9,112.6,89.3,92.5,87.5,435,182,400,80,36.9,20,9.2,6.4
Tomas, Yasmany,630111,297,4.7,30.6,112.6,89.2,93.7,86.4,410,158,393,113,38.0,12,4.0,2.8
Yelich, Christian,592885,375,0.0,30.7,112.5,91.4,94.9,89.6,435,123,401,169,45.1,18,4.8,3.4
Myers, Wil,571976,170,8.3,31.2,112.5,88.2,95.3,83.6,438,163,421,68,40.0,12,7.1,4.7
Cano, Robinson,429664,521,5.6,33.2,112.5,91.0,95.2,88.1,449,156,405,237,45.5,37,7.1,5.5
Moreland, Mitch,519048,364,11.5,36.0,112.5,91.4,96.8,87.7,457,178,405,165,45.3,39,10.7,7.6
Moustakas, Mike,519058,482,14.2,31.1,112.5,88.6,92.0,87.1,442,185,404,176,36.5,32,6.6,5.2
Pillar, Kevin,607680,510,12.2,28.8,112.4,84.5,88.3,82.6,413,157,391,131,25.7,9,1.8,1.4
Baez, Javier,595879,52,11.4,44.2,112.4,90.8,94.8,86.5,399,187,399,17,32.7,5,9.6,6.3
Lawrie, Brett,543434,425,7.1,30.8,112.4,89.6,94.2,86.6,470,158,409,166,39.1,20,4.7,3.3
Gattis, Evan,594828,452,10.3,29.9,112.3,88.9,94.3,86.5,443,167,383,177,39.2,32,7.1,5.3
Hamilton, Josh,285078,120,8.9,36.7,112.3,88.3,93.9,83.2,437,172,394,47,39.2,10,8.3,5.5
Arencibia, J.P.,450317,50,14.8,36.0,112.3,90.4,95.4,85.0,464,196,404,21,42.0,7,14.0,9.6
Kiermaier, Kevin,595281,414,8.3,30.0,112.2,86.7,90.7,85.7,426,154,397,127,30.7,10,2.4,1.9
Jones, Adam,430945,447,11.2,27.7,112.2,87.9,93.1,84.9,450,174,406,155,34.7,41,9.2,7.1
Tulowitzki, Troy,453064,376,12.6,31.6,112.1,89.8,93.0,87.8,450,178,404,153,40.7,20,5.3,3.7
Tucker, Preston,605512,232,9.9,27.2,112.1,89.7,92.4,89.7,454,162,400,89,38.4,13,5.6,4.0
Norris, Derek,519083,385,14.1,31.9,112.1,87.1,90.7,86.6,423,173,381,134,34.8,9,2.3,1.6
Flaherty, Ryan,475247,190,9.3,26.8,112.1,88.4,93.2,84.9,435,165,404,59,31.1,12,6.3,4.0
Perez, Roberto,547379,127,1.6,31.5,112.0,88.7,97.8,82.5,436,157,391,50,39.4,11,8.7,4.9
Rizzo, Anthony,519203,488,17.3,35.7,112.0,88.4,93.6,83.8,440,197,406,186,38.1,39,8.0,5.6
Moore, Tyler,489138,143,15.3,33.6,112.0,88.6,93.3,85.1,410,190,395,49,34.3,9,6.3,4.5
Grichuk, Randal,545341,214,15.9,36.0,112.0,92.3,97.9,88.3,438,202,409,99,46.3,38,17.8,10.9
Paulsen, Ben,572019,237,10.5,36.3,112.0,88.1,92.3,85.3,444,175,419,82,34.6,15,6.3,4.2
Lake, Junior,516809,51,4.5,27.5,111.9,85.6,95.5,76.8,423,159,423,18,35.3,1,2.0,1.2
Marte, Starling,516782,464,4.7,33.4,111.9,86.4,94.0,81.8,467,149,409,164,35.3,32,6.9,5.1
Reimold, Nolan,460099,123,11.4,25.2,111.8,86.0,91.5,84.0,406,158,379,35,28.5,9,7.3,4.6
Bogaerts, Xander,593428,518,6.6,28.4,111.8,87.6,90.7,86.6,437,143,400,177,34.2,13,2.5,2.0
Dickerson, Corey,572816,168,14.1,38.7,111.8,89.7,93.4,89.5,453,183,430,64,38.1,19,11.3,8.1
Gomez, Hector,467143,89,13.1,38.2,111.8,84.8,90.2,77.4,372,186,350,26,29.2,3,3.4,2.2
Gomez, Carlos,460576,338,11.9,29.3,111.7,86.4,92.6,82.5,432,175,403,112,33.1,17,5.0,3.6
Frazier, Todd,453943,490,18.4,33.7,111.7,89.2,93.7,85.5,436,198,404,189,38.6,45,9.2,6.6
Rodriguez, Sean,446481,166,6.3,30.1,111.7,84.4,91.9,79.8,425,162,409,43,25.9,11,6.6,4.6
Castellanos, Nicholas,592206,403,16.9,38.2,111.6,88.3,91.1,85.0,447,199,393,140,34.7,31,7.7,5.2
Thompson, Trayce,572204,96,10.8,34.4,111.6,88.0,93.4,84.0,415,170,395,35,36.5,8,8.3,5.9
Napoli, Mike,435063,290,15.9,29.3,111.6,88.5,94.3,83.9,448,186,402,112,38.6,24,8.3,5.1
Colabello, Chris,499624,239,9.6,34.7,111.6,90.0,94.2,87.4,424,160,401,106,44.4,22,9.2,6.1
Kendrick, Howie,435062,384,1.1,31.8,111.6,90.1,94.0,87.6,438,133,402,159,41.4,15,3.9,3.0
Choo, Shin-Soo,425783,415,7.3,34.2,111.5,90.4,95.2,86.8,440,164,389,183,44.1,36,8.7,5.5
Mahtook, Mikie,543484,75,13.2,40.0,111.5,89.9,96.0,80.5,435,210,408,32,42.7,9,12.0,7.8
Galvis, Freddy,520471,467,11.4,33.4,111.5,84.2,88.6,81.0,411,171,379,103,22.1,11,2.4,1.8
Bryant, Kris,592178,365,19.4,33.7,111.5,89.6,94.8,83.3,495,206,408,158,43.3,42,11.5,6.5
Martin, Russell,431145,340,9.0,26.8,111.5,88.7,93.7,86.1,437,157,398,134,39.4,28,8.2,5.5
Bruce, Jay,457803,444,15.0,35.1,111.4,89.6,93.0,86.1,459,195,406,166,37.4,38,8.6,5.9
Revere, Ben,519184,536,3.9,35.1,111.4,82.1,86.0,79.7,389,132,367,76,14.2,0,0.0,0.0
McCutchen, Andrew,457705,442,13.9,41.2,111.4,90.7,94.9,85.5,447,197,404,195,44.1,41,9.3,6.0
Santana, Carlos,467793,433,12.3,27.9,111.4,89.0,93.3,87.9,447,164,400,172,39.7,31,7.2,4.7
Saltalamacchia, Jarrod,457454,133,18.6,36.1,111.3,90.2,92.8,86.6,443,224,411,57,42.9,19,14.3,8.4
Zimmerman, Ryan,475582,277,8.0,32.9,111.3,91.7,95.0,89.4,443,168,418,133,48.0,29,10.5,7.4
Schwarber, Kyle,656941,156,15.6,32.1,111.3,91.9,96.2,89.3,448,200,400,65,41.7,19,12.2,7.0
Bethancourt, Christian,542194,122,9.2,29.5,111.2,87.4,91.9,85.4,391,147,375,38,31.1,3,2.5,1.9
Teixeira, Mark,407893,312,15.4,31.7,111.2,89.5,94.3,85.8,437,189,391,128,41.0,30,9.6,6.5
Swihart, Blake,596119,213,10.0,34.7,111.2,86.1,89.8,83.4,420,162,382,58,27.2,6,2.8,1.9
Heyward, Jason,518792,460,4.6,25.9,111.2,89.2,91.3,89.3,423,145,401,161,35.0,13,2.8,2.1
Wallace, Brett,477165,65,12.7,44.6,111.1,88.7,92.2,86.7,439,170,424,27,41.5,9,13.8,8.4
Smoak, Justin,475253,211,11.4,34.6,111.1,91.0,97.6,85.0,474,183,391,98,46.4,27,12.8,8.2
Odor, Rougned,596059,354,11.2,27.1,111.1,87.0,93.0,83.8,423,162,401,116,32.8,19,5.4,4.0
Cervelli, Francisco,465041,362,6.1,33.1,111.1,87.5,92.6,83.9,437,156,408,128,35.4,15,4.1,2.9
Cabrera, Melky,466320,553,9.5,31.6,111.0,89.4,91.2,89.8,455,163,398,199,36.0,13,2.4,1.9
Franco, Maikel,596748,253,9.6,34.4,111.0,88.7,92.9,87.2,447,173,408,93,36.8,16,6.3,4.8
Cain, Lorenzo,456715,457,9.5,36.3,111.0,90.0,92.6,88.0,458,180,413,174,38.1,25,5.5,4.1
Bumgarner, Madison,518516,51,12.8,23.5,111.0,88.0,95.9,82.3,418,163,409,17,33.3,6,11.8,7.4
Nunez, Eduardo,456488,162,1.4,22.8,111.0,86.9,92.2,84.8,419,138,395,51,31.5,4,2.5,2.0
Ethier, Andre,444843,323,11.1,39.6,110.9,86.4,91.1,81.5,450,186,404,104,32.2,20,6.2,4.5
Perez, Salvador,521692,454,13.4,34.6,110.9,87.3,90.9,85.7,454,179,406,146,32.2,24,5.3,4.3
Dietrich, Derek,518618,188,15.5,39.4,110.9,87.0,91.5,84.3,438,199,394,67,35.6,17,9.0,5.9
Ruf, Darin,573131,202,12.7,30.2,110.8,90.1,93.9,87.5,428,169,398,86,42.6,17,8.4,5.7
Gordon, Alex,460086,267,15.4,35.2,110.8,88.1,91.3,85.7,468,188,404,91,34.1,14,5.2,3.3
Smith, Seth,452234,302,11.3,33.1,110.8,89.5,92.9,86.9,431,181,406,127,42.1,24,7.9,5.3
Bird, Greg,595885,105,21.3,45.7,110.8,93.0,96.7,89.5,440,230,405,56,53.3,16,15.2,9.0
Santana, Domingo,570267,99,6.7,36.4,110.8,87.3,95.6,80.1,427,170,389,33,33.3,14,14.1,7.5
Marisnick, Jake,545350,244,11.2,32.4,110.8,83.1,90.1,76.4,422,165,405,64,26.2,13,5.3,3.5
Davis, Khris,501981,273,12.5,31.9,110.8,89.7,96.1,83.2,453,198,415,116,42.5,40,14.7,9.1
Pagan, Angel,434636,425,11.1,34.6,110.7,86.3,87.7,85.7,401,174,376,94,22.1,4,0.9,0.7
Maxwell, Justin,452239,175,9.0,32.6,110.7,87.9,93.2,84.2,454,171,414,59,33.7,10,5.7,3.6
Villar, Jonathan,542340,89,3.9,24.7,110.7,89.5,94.7,88.7,431,133,418,34,38.2,3,3.4,2.3
Giavotella, Johnny,543213,409,8.8,31.1,110.7,84.6,88.1,82.1,399,162,392,80,19.6,4,1.0,0.8
Howard, Ryan,429667,332,14.6,42.8,110.7,91.2,95.3,85.1,448,202,393,151,45.5,39,11.7,7.8
Crawford, Brandon,543063,392,8.2,36.0,110.6,89.7,95.3,85.2,425,172,400,168,42.9,35,8.9,6.2
Olt, Mike,592609,59,11.3,27.1,110.6,86.0,96.1,81.8,448,153,442,19,32.2,6,10.2,5.9
Solarte, Yangervis,500208,475,11.4,29.3,110.6,87.7,90.4,87.3,422,168,394,148,31.2,10,2.1,1.8
Young Jr., Eric,458913,69,0.8,34.8,110.6,81.5,89.0,76.8,378,143,,19,27.5,2,2.9,2.1
Zunino, Mike,572287,228,19.5,28.9,110.6,86.9,93.7,79.3,452,200,413,78,34.2,20,8.8,5.2
Spangenberg, Cory,605486,239,0.3,31.4,110.6,82.8,91.6,76.1,426,154,374,77,32.2,3,1.3,0.9
Pirela, Jose,517369,60,-0.2,23.3,110.6,86.0,86.6,86.6,425,127,425,15,25.0,2,3.3,2.6
Pollock, A.J.,572041,529,8.4,31.6,110.6,88.5,92.7,86.3,450,164,405,207,39.1,31,5.9,4.6
Brown, Domonic,502126,153,12.3,29.4,110.6,87.1,89.8,86.0,420,174,389,43,28.1,7,4.6,3.4
Castillo, Welington,456078,255,12.6,37.6,110.5,89.4,93.2,85.8,458,189,405,93,36.5,27,10.6,7.1
Uribe, Juan,346874,281,10.5,28.8,110.5,88.7,92.5,86.8,425,167,403,99,35.2,16,5.7,4.0
Wong, Kolten,543939,467,11.3,33.4,110.5,87.1,89.3,87.1,434,162,392,160,34.3,15,3.2,2.4
Lindor, Francisco,596019,341,3.8,27.3,110.4,87.1,92.6,83.2,405,147,377,126,37.0,11,3.2,2.5
Smolinski, Jake,519295,131,14.6,32.8,110.4,87.5,92.6,85.5,432,167,401,40,30.5,6,4.6,3.1
Davis, Ike,477195,172,6.2,29.7,110.4,88.0,93.8,85.9,438,142,429,68,39.5,10,5.8,4.2
Rupp, Cameron,519237,201,14.0,37.3,110.4,88.2,93.6,85.1,461,181,399,71,35.3,15,7.5,5.0
Cuddyer, Michael,150212,292,7.8,32.2,110.4,87.5,92.4,84.6,434,159,407,90,30.8,14,4.8,3.4
Gutierrez, Franklin,429711,118,10.0,44.9,110.3,90.9,96.5,84.8,450,197,398,56,47.5,20,16.9,10.6
Lucroy, Jonathan,518960,314,10.0,37.3,110.3,88.6,92.0,85.7,417,174,406,104,33.1,13,4.1,3.1
Gose, Anthony,543238,341,4.9,30.8,110.3,85.8,90.2,83.0,435,152,383,103,30.2,8,2.3,1.5
Rasmus, Colby,458675,282,19.7,36.5,110.3,88.5,93.1,81.4,444,215,388,99,35.1,27,9.6,5.6
Posey, Buster,457763,512,10.9,34.8,110.3,89.0,91.7,87.5,427,173,401,190,37.1,32,6.3,5.1
Sands, Jerry,543742,88,9.6,30.7,110.3,90.8,95.0,89.3,424,173,386,36,40.9,5,5.7,3.8
Betts, Mookie,605141,524,15.0,34.2,110.3,89.9,92.2,89.1,427,193,398,196,37.4,31,5.9,4.7
Johnson, Micah,608672,72,0.7,25.0,110.3,83.1,89.4,80.5,364,140,,13,18.1,1,1.4,0.9
Seager, Corey,608369,79,8.8,39.2,110.3,90.3,94.8,86.5,422,181,397,33,41.8,8,10.1,7.1
Denorfia, Chris,456121,159,5.1,36.5,110.3,87.5,92.7,84.9,419,154,406,60,37.7,6,3.8,2.6
Martin, Leonys,547982,223,6.5,22.4,110.2,84.8,91.3,82.0,444,141,403,67,30.0,5,2.2,1.6
Rua, Ryan,607387,51,9.9,27.5,110.2,86.1,90.1,84.5,456,161,388,19,37.3,3,5.9,3.5
Arenado, Nolan,571448,517,16.3,35.6,110.2,90.6,94.3,87.9,456,200,411,207,40.0,45,8.7,6.8
Brantley, Michael,488726,483,8.8,36.2,110.1,88.7,92.0,86.7,420,166,389,174,36.0,19,3.9,3.2
Almonte, Abraham,501659,185,3.8,28.6,110.1,84.9,93.7,80.0,431,149,411,62,33.5,11,5.9,4.3
Raburn, Ryan,430605,130,11.2,33.8,110.1,90.5,95.0,86.6,440,186,409,61,46.9,12,9.2,6.0
Snider, Travis,501983,171,10.1,33.9,110.1,88.3,91.6,87.9,440,165,409,65,38.0,6,3.5,2.3
Adams, Matt,571431,135,11.4,27.4,110.1,88.7,92.0,85.9,428,176,409,50,37.0,8,5.9,4.3
den Dekker, Matthew,544925,81,11.3,29.6,110.1,86.9,93.6,83.3,449,165,405,29,35.8,6,7.4,5.5
Fowler, Dexter,451594,447,11.8,32.2,110.1,86.4,90.4,82.8,420,172,391,133,29.8,21,4.7,3.0
Boesch, Brennan,453269,59,6.0,23.7,110.0,86.7,85.1,88.7,383,130,377,18,30.5,2,3.4,2.1
Butler, Billy,456714,441,8.9,31.7,110.0,89.3,93.6,86.6,456,157,404,177,40.1,33,7.5,5.5
Pierzynski, A.J.,150229,373,10.3,35.4,110.0,85.4,88.5,83.6,424,162,387,95,25.5,13,3.5,3.0
Altherr, Aaron,571437,99,11.6,33.3,110.0,90.4,92.0,90.4,417,175,384,43,43.4,3,3.0,1.9
Freeman, Freddie,518692,320,14.2,44.1,110.0,90.7,94.1,85.9,464,200,405,144,45.0,36,11.3,7.5
Flores, Wilmer,527038,424,13.8,32.3,110.0,86.3,90.1,84.5,419,170,389,108,25.5,9,2.1,1.8
Peterson, Jace,607054,418,7.8,33.7,110.0,85.1,89.1,82.3,410,166,392,110,26.3,14,3.3,2.3
Weeks Jr., Rickie,430001,59,9.4,20.3,109.9,85.0,87.9,84.0,415,145,412,13,22.0,2,3.4,2.1
Headley, Chase,452104,449,11.8,37.2,109.9,86.6,90.4,84.6,451,164,408,146,32.5,23,5.1,3.6
Susac, Andrew,572180,90,9.5,34.4,109.8,90.2,93.8,87.9,410,170,395,35,38.9,7,7.8,4.7
Young, Delmon,430321,146,9.8,31.5,109.8,88.2,90.8,86.3,451,167,418,53,36.3,3,2.1,1.7
Andrus, Elvis,462101,535,8.1,29.0,109.8,85.3,89.7,83.3,423,153,397,145,27.1,8,1.5,1.2
Suarez, Eugenio,553993,284,13.5,32.7,109.8,87.7,91.2,84.1,423,176,382,94,33.1,16,5.6,4.0
Lind, Adam,452252,405,11.0,31.6,109.8,89.5,93.5,86.9,438,177,401,145,35.8,29,7.2,5.1
Beltre, Adrian,134181,510,12.8,36.1,109.8,89.5,93.2,87.0,432,181,402,205,40.2,28,5.5,4.5
Maldonado, Martin,455117,167,9.3,24.6,109.8,86.1,90.4,83.7,415,151,401,50,29.9,4,2.4,1.6
Gardner, Brett,458731,447,8.9,32.4,109.7,86.8,91.6,83.1,422,169,389,154,34.5,20,4.5,3.0
Maybin, Cameron,457727,407,1.9,27.5,109.7,87.7,91.1,86.6,428,130,401,145,35.6,11,2.7,2.0
Prado, Martin,445988,441,8.8,34.2,109.7,88.9,90.6,89.3,426,154,402,147,33.3,10,2.3,1.8
Santana, Danny,542454,200,2.4,23.0,109.7,82.3,88.3,79.4,421,125,,47,23.5,1,0.5,0.4
d'Arnaud, Travis,518595,192,17.2,33.9,109.7,88.6,92.6,86.1,439,183,398,68,35.4,13,6.8,4.9
Loney, James,425766,330,12.0,34.8,109.7,85.5,86.9,85.4,411,163,392,71,21.5,4,1.2,1.0
Chirinos, Robinson,455139,178,15.1,37.1,109.7,85.7,91.4,80.0,412,199,402,60,33.7,14,7.9,5.1
Butler, Joey,542994,175,2.3,32.6,109.6,90.1,93.7,87.7,414,144,390,69,39.4,11,6.3,4.0
Granderson, Curtis,434158,433,18.1,40.9,109.6,89.3,93.2,83.6,441,207,399,174,40.2,36,8.3,5.3
Segura, Jean,516416,472,4.0,26.1,109.6,86.5,88.7,85.6,440,137,411,124,26.3,6,1.3,1.0
Ackley, Dustin,554429,200,10.9,33.0,109.6,89.8,95.7,86.3,421,179,383,84,42.0,14,7.0,5.3
Morneau, Justin,408047,143,9.2,32.9,109.6,88.6,90.3,88.5,427,170,406,57,39.9,8,5.6,4.4
Realmuto, J.T.,592663,376,8.8,32.2,109.6,88.3,92.6,85.2,423,169,383,129,34.3,16,4.3,3.4
Young, Chris,455759,250,19.3,35.2,109.6,85.1,89.7,83.4,438,182,390,63,25.2,12,4.8,3.4
Carpenter, Matt,572761,427,17.0,44.3,109.5,88.6,91.6,83.0,439,216,406,154,36.1,40,9.4,6.0
Cruz, Tony,488810,113,6.4,26.5,109.5,84.3,90.5,81.7,441,149,423,32,28.3,7,6.2,4.6
Murphy, David,461815,318,7.8,29.6,109.5,88.1,90.9,86.9,419,164,385,110,34.6,10,3.1,2.6
Escobar, Yunel,488862,468,3.9,30.6,109.5,89.5,91.9,88.5,415,139,396,169,36.1,16,3.4,2.7
Castro, Jason,488771,225,15.6,36.4,109.5,88.6,91.6,85.1,429,183,373,70,31.1,14,6.2,3.7
Szczur, Matt,519333,59,14.5,27.1,109.5,82.5,89.0,75.3,411,205,411,13,22.0,1,1.7,1.3
Beckham, Tim,542921,138,8.1,33.3,109.5,86.3,91.6,82.7,453,160,403,52,37.7,8,5.8,3.6
Belt, Brandon,474832,349,15.3,47.0,109.4,89.5,93.6,83.2,475,212,396,147,42.1,35,10.0,6.3
Vogt, Stephen,519390,356,16.1,34.3,109.4,86.9,90.3,84.3,430,187,384,108,30.3,20,5.6,3.9
Peralta, Jhonny,425509,474,12.9,36.5,109.4,88.1,91.4,85.3,447,172,406,159,33.5,24,5.1,3.8
Jaso, John,444379,148,7.6,33.8,109.4,90.6,94.6,87.3,416,169,399,57,38.5,14,9.5,6.5
Rivera, Rene,425784,219,15.7,30.1,109.4,85.0,91.6,79.4,420,177,410,61,27.9,14,6.4,4.4
Davis, Rajai,434658,269,12.0,32.7,109.4,86.0,90.8,83.0,399,170,379,76,28.3,8,3.0,2.2
McGehee, Casey,431171,187,5.1,28.9,109.4,88.5,89.9,88.5,425,134,402,64,34.2,7,3.7,2.7
Rios, Alex,425567,324,14.8,34.3,109.4,88.3,89.8,88.3,415,181,397,102,31.5,9,2.8,2.2
Votto, Joey,458015,412,10.7,43.4,109.3,89.6,94.7,83.6,424,188,398,173,42.0,45,10.9,6.5
Gyorko, Jedd,576397,319,13.9,31.3,109.3,88.7,92.2,85.8,427,174,402,112,35.1,20,6.3,4.4
Lamb, Jake,571875,256,11.4,32.8,109.3,89.5,92.1,88.1,430,178,399,96,37.5,16,6.3,4.1
Jennings, Desmond,457775,82,2.4,25.6,109.3,87.0,91.8,85.3,418,143,418,22,26.8,2,2.4,1.9
Marte, Ketel,606466,180,4.9,25.0,109.3,85.2,88.7,84.1,410,132,395,50,27.8,3,1.7,1.2
Seager, Kyle,572122,529,16.4,36.9,109.3,88.9,91.9,86.1,448,191,401,183,34.6,37,7.0,5.4
Russell, Addison,608365,329,14.2,34.3,109.2,85.9,90.9,82.2,430,182,397,91,27.7,17,5.2,3.3
Longoria, Evan,446334,480,15.4,33.5,109.2,89.6,94.3,85.7,451,188,405,189,39.4,41,8.5,6.1
Marte, Jefry,527043,60,6.5,31.7,109.2,85.0,92.3,80.1,435,168,406,19,31.7,7,11.7,7.8
LaRoche, Adam,425560,298,13.4,31.5,109.2,89.1,92.6,87.2,448,180,400,106,35.6,24,8.1,5.0
Hernandez, Enrique,571771,159,10.3,32.1,109.2,90.1,95.4,86.8,448,160,420,69,43.4,8,5.0,3.7
Montero, Miguel,471083,247,12.0,39.3,109.1,88.3,92.4,84.0,432,190,391,86,34.8,21,8.5,5.2
DeJesus, David,430203,238,12.8,32.4,109.1,86.9,90.7,84.9,408,164,391,64,26.9,5,2.1,1.6
Rogers, Jason,595386,118,7.3,28.8,109.1,90.3,96.2,86.7,425,169,408,55,46.6,7,5.9,4.1
Piscotty, Stephen,572039,179,11.8,36.9,109.1,89.8,92.5,88.0,436,179,403,73,40.8,17,9.5,6.6
Jackson, Austin,457706,369,6.8,35.5,109.1,88.7,91.9,86.5,431,157,391,147,39.8,14,3.8,2.7
Nieuwenhuis, Kirk,543590,79,9.3,35.4,109.1,90.0,95.1,85.0,427,188,396,33,41.8,6,7.6,4.3
Asche, Cody,605125,315,14.1,34.9,109.0,86.7,91.7,82.7,424,191,400,105,33.3,18,5.7,3.9
Avila, Alex,488671,113,12.3,35.4,109.0,90.4,95.6,84.4,417,184,387,55,48.7,12,10.6,5.5
Uggla, Dan,462564,81,15.9,27.2,109.0,89.2,96.0,85.3,434,182,396,35,43.2,5,6.2,3.5
Collins, Tyler,607385,150,13.5,34.7,109.0,87.1,91.3,82.8,397,183,372,46,30.7,8,5.3,3.9
Span, Denard,452655,223,6.8,33.6,109.0,87.4,89.3,87.3,434,163,404,73,32.7,6,2.7,2.2
Kemp, Matt,461314,457,11.8,35.2,109.0,89.5,93.4,85.4,437,182,393,184,40.3,38,8.3,5.9
Espinosa, Danny,457787,267,10.0,30.3,109.0,83.6,90.0,79.1,421,172,393,76,28.5,17,6.4,4.1
Simmons, Andrelton,592743,490,2.9,28.6,108.9,85.8,90.6,83.7,413,135,399,141,28.8,5,1.0,0.9
Calhoun, Kole,594777,472,11.2,36.0,108.9,85.9,90.9,80.9,432,181,404,150,31.8,32,6.8,4.7
Dozier, Brian,572821,487,18.7,34.7,108.9,86.9,92.5,80.4,433,196,392,151,31.0,29,6.0,4.1
Blackmon, Charlie,453568,511,13.5,36.2,108.9,85.5,89.8,81.9,436,185,396,147,28.8,20,3.9,2.9
Chisenhall, Lonnie,502082,269,15.9,31.2,108.9,85.1,89.2,84.0,451,173,392,81,30.1,9,3.3,2.5
Martinez, Victor,400121,395,14.9,33.9,108.9,87.6,90.7,86.0,419,181,376,131,33.2,16,4.1,3.3
Parmelee, Chris,476633,71,24.8,31.0,108.8,87.9,92.7,79.3,448,232,405,25,35.2,5,7.0,4.9
Mathis, Jeff,425772,72,12.2,31.9,108.8,85.2,89.4,83.3,409,160,389,21,29.2,1,1.4,1.0
Bourjos, Peter,488721,141,11.6,26.2,108.8,84.1,90.6,82.0,454,148,421,36,25.5,5,3.5,2.2
Murphy, John Ryan,571974,116,7.9,36.2,108.8,88.9,93.2,85.5,415,169,392,49,42.2,6,5.2,3.5
Stubbs, Drew,453211,65,17.4,24.6,108.8,87.8,92.2,85.3,416,180,408,21,32.3,6,9.2,4.3
Ciriaco, Pedro,465674,109,8.1,41.3,108.8,79.3,86.2,73.5,388,177,359,15,13.8,3,2.8,2.0
Byrd, Marlon,407781,366,11.8,35.2,108.8,86.4,92.6,80.3,432,176,402,112,30.6,31,8.5,5.7
Reddick, Josh,502210,464,14.7,32.8,108.7,88.4,91.8,86.4,438,182,397,153,33.0,23,5.0,4.0
Forsythe, Logan,523253,435,15.1,34.0,108.7,88.2,91.8,86.3,435,184,398,137,31.5,15,3.4,2.4
Upton, B.J.,425834,145,10.5,31.7,108.7,86.8,93.9,80.9,405,168,393,54,37.2,10,6.9,4.4
Johnson, Kelly,430637,230,12.6,35.2,108.7,87.1,92.6,82.4,443,173,407,78,33.9,20,8.7,6.0
Olivera, Hector,493343,68,10.5,27.9,108.6,86.0,89.2,84.3,418,165,383,19,27.9,2,2.9,2.3
Ramirez, Aramis,133380,412,15.8,34.5,108.6,87.4,90.8,85.1,456,186,397,141,34.2,23,5.6,4.5
Iglesias, Jose,578428,379,3.5,26.4,108.6,82.6,87.2,81.1,377,134,365,69,18.2,0,0.0,0.0
Urshela, Gio,570482,210,14.4,33.8,108.6,87.0,91.0,85.0,433,166,399,72,34.3,9,4.3,3.1
Ellsbury, Jacoby,453056,370,11.1,34.1,108.6,86.5,88.1,87.0,405,161,390,107,28.9,13,3.5,2.6
Hundley, Nick,460026,291,11.4,35.1,108.6,88.5,90.8,87.5,449,174,412,101,34.7,11,3.8,2.8
Victorino, Shane,425664,151,16.3,27.8,108.6,82.4,86.0,81.2,388,159,388,27,17.9,0,0.0,0.0
Travis, Devon,581527,176,5.4,39.8,108.5,88.1,94.3,83.5,424,161,399,65,36.9,14,8.0,5.9
Markakis, Nick,455976,530,6.8,30.9,108.5,88.3,89.8,88.7,418,151,413,178,33.6,4,0.8,0.6
Van Slyke, Scott,475100,164,16.9,32.3,108.5,87.8,92.8,85.1,421,197,403,51,31.1,9,5.5,3.6
Ellis, A.J.,454560,146,9.3,34.9,108.5,86.7,91.7,81.8,428,184,406,47,32.2,10,6.8,4.6
Reyes, Jose,408314,431,11.5,28.5,108.4,83.1,86.1,82.4,419,152,386,80,18.6,1,0.2,0.2
Crawford, Carl,408307,140,9.3,37.9,108.4,89.9,92.7,87.9,454,188,417,58,41.4,10,7.1,5.2
DeShields, Delino,592261,335,6.7,27.5,108.4,82.1,88.4,77.7,398,165,393,74,22.1,4,1.2,0.8
Eaton, Adam,594809,485,6.4,27.8,108.3,86.5,89.4,85.4,440,146,397,148,30.5,15,3.1,2.2
Parra, Gerardo,467827,464,8.2,33.6,108.3,86.9,91.8,82.9,433,168,394,138,29.7,15,3.2,2.5
Pearce, Steve,456665,226,19.8,31.4,108.3,86.9,92.3,81.7,419,194,385,71,31.4,12,5.3,3.7
Muncy, Max,571970,72,16.8,36.1,108.3,87.8,92.8,80.3,413,218,390,21,29.2,3,4.2,2.7
Wright, David,431151,116,14.8,41.4,108.3,89.1,93.4,85.4,434,189,414,47,40.5,11,9.5,6.3
Rendon, Anthony,543685,245,10.0,33.5,108.3,89.8,92.7,88.4,429,170,404,86,35.1,12,4.9,3.4
McCann, James,543510,316,8.0,31.0,108.3,87.2,90.4,85.7,427,150,397,119,37.7,11,3.5,2.6
Garcia, Adonis,611177,158,8.3,37.3,108.3,89.2,91.9,87.3,419,159,392,67,42.4,14,8.9,7.1
Gonzalez, Marwin,503556,277,9.1,31.8,108.3,86.5,93.2,82.0,408,162,389,95,34.3,10,3.6,2.7
Valbuena, Luis,472528,331,17.4,38.7,108.3,89.3,93.8,84.5,431,202,391,127,38.4,30,9.1,6.1
Barnes, Brandon,488681,190,9.6,34.2,108.3,85.9,90.5,81.9,426,175,420,47,24.7,2,1.1,0.7
Joseph, Caleb,543376,252,15.3,40.9,108.3,87.0,91.3,82.4,426,201,392,79,31.3,14,5.6,3.9
Hedges, Austin,595978,105,11.3,32.4,108.3,86.8,88.5,86.6,425,165,393,26,24.8,1,1.0,0.7
Castillo, Rusney,628329,221,0.3,22.2,108.2,87.8,92.7,85.7,429,136,402,71,32.1,6,2.7,2.1
Phillips, Brandon,408252,524,10.2,32.8,108.2,86.0,87.8,85.1,414,160,382,135,25.8,12,2.3,1.9
Plouffe, Trevor,461858,454,13.1,33.7,108.2,89.4,93.6,86.4,432,187,397,179,39.4,36,7.9,5.7
Hunter, Torii,116338,421,10.1,28.5,108.1,88.1,93.1,84.8,430,164,393,146,34.7,21,5.0,3.7
Aybar, Erick,430947,536,4.1,31.3,108.1,83.1,87.9,80.1,409,144,389,102,19.0,5,0.9,0.8
Guyer, Brandon,446386,275,13.5,31.3,108.1,86.4,90.8,84.1,417,169,395,79,28.7,9,3.3,2.3
Soto, Geovany,434567,125,12.5,33.6,108.1,89.3,94.0,83.0,419,195,393,53,42.4,9,7.2,4.3
Pompey, Dalton,592647,71,13.2,26.8,108.0,83.6,90.5,80.5,420,159,390,18,25.4,2,2.8,1.9
LeMahieu, DJ,518934,462,2.8,34.0,108.0,90.0,92.5,88.4,462,145,410,183,39.6,10,2.2,1.6
Francoeur, Jeff,425796,252,14.1,35.7,108.0,87.9,90.2,87.1,435,178,385,84,33.3,12,4.8,3.5
McKenry, Michael,502374,87,15.8,33.3,108.0,90.2,93.5,85.5,432,202,401,32,36.8,9,10.3,5.9
Perez, Hernan,541650,208,11.1,34.6,108.0,85.2,90.6,81.6,422,176,415,59,28.4,5,2.4,1.8
Blanco, Gregor,453923,271,9.8,32.5,108.0,85.5,91.5,81.5,434,169,411,85,31.4,6,2.2,1.6
Bradley Jr., Jackie,598265,156,11.0,29.5,108.0,88.8,95.0,84.5,430,171,397,61,39.1,10,6.4,3.9
Gonzalez, Adrian,408236,467,14.0,41.3,107.9,88.6,93.2,84.2,447,193,393,172,36.8,38,8.1,5.9
Perez, Eury,516811,99,0.8,28.3,107.9,78.5,86.6,75.4,389,122,,16,16.2,1,1.0,0.8
Lough, David,518953,101,12.6,27.7,107.9,83.5,87.5,81.1,401,167,383,21,20.8,3,3.0,2.1
Wieters, Matt,446308,194,11.8,38.1,107.8,87.0,91.7,83.2,445,177,401,63,32.5,12,6.2,4.3
Mercer, Jordy,474568,328,8.2,32.6,107.8,86.6,89.8,84.4,411,160,392,96,29.3,7,2.1,1.6
Hicks, Aaron,543305,288,10.8,35.1,107.8,87.3,92.3,83.5,431,174,412,95,33.0,9,3.1,2.3
La Stella, Tommy,600303,61,13.3,37.7,107.8,88.6,91.7,85.8,396,195,396,18,29.5,0,0.0,0.0
Alonso, Yonder,475174,309,7.6,33.0,107.8,87.7,91.1,85.5,414,151,396,102,33.0,10,3.2,2.5
Conger, Hank,474233,141,18.5,32.6,107.8,88.2,94.4,81.4,420,198,380,48,34.0,10,7.1,4.4
Zobrist, Ben,450314,416,8.2,30.3,107.8,88.5,92.6,86.6,422,156,385,144,34.6,16,3.8,3.0
Gimenez, Chris,460269,83,13.0,34.9,107.7,84.8,92.4,76.4,421,181,404,24,28.9,6,7.2,5.3
Joyce, Matt,459964,183,15.7,30.6,107.7,85.6,88.0,85.4,448,170,422,51,27.9,7,3.8,2.5
Gomes, Yan,543228,265,17.8,42.6,107.7,87.6,91.0,84.3,432,203,403,87,32.8,17,6.4,4.4
Phegley, Josh,572033,175,16.3,38.3,107.6,85.9,90.3,82.7,424,191,395,47,26.9,7,4.0,2.9
Owings, Chris,572008,381,11.8,33.1,107.6,84.9,89.1,81.3,426,186,412,94,24.7,10,2.6,1.8
Mauer, Joe,408045,486,3.7,33.3,107.6,89.0,94.4,85.8,434,144,401,194,39.9,18,3.7,2.7
Ross, David,424325,101,17.5,32.7,107.6,85.9,92.7,78.3,388,198,,33,32.7,7,6.9,3.8
Escobar, Eduardo,500871,330,13.5,34.5,107.6,86.1,90.2,82.6,427,177,399,78,23.6,21,6.4,4.7
Turner, Justin,457759,319,13.7,41.7,107.6,89.4,93.0,85.4,432,193,396,121,37.9,23,7.2,5.2
Sogard, Eric,519299,326,10.3,32.8,107.5,84.3,86.6,83.4,410,155,410,61,18.7,1,0.3,0.2
Gomes, Jonny,430404,147,18.0,30.6,107.5,88.0,92.0,85.9,451,188,416,48,32.7,6,4.1,2.3
Ruggiano, Justin,448605,84,13.9,32.1,107.5,92.0,94.9,88.6,446,202,415,36,42.9,12,14.3,8.5
Colon, Christian,518568,91,8.3,31.9,107.5,84.2,86.5,83.6,370,156,,18,19.8,0,0.0,0.0
Coghlan, Chris,458085,348,10.4,33.0,107.5,87.9,92.0,84.6,435,177,396,115,33.0,20,5.7,4.0
Greinke, Zack,425844,62,1.6,21.0,107.5,81.5,92.8,76.1,407,139,401,20,32.3,2,3.2,2.6
Walker, Neil,435522,441,13.8,33.3,107.4,88.7,93.2,85.2,437,182,398,165,37.4,21,4.8,3.5
Rojas, Miguel,500743,130,3.0,22.3,107.4,86.0,87.9,86.3,383,125,365,41,31.5,0,0.0,0.0
Sizemore, Grady,429713,214,12.5,34.6,107.4,89.2,90.6,88.4,430,178,400,78,36.4,9,4.2,3.0
Inciarte, Ender,542255,473,5.5,29.8,107.3,84.2,87.8,82.5,396,150,384,92,19.5,5,1.1,0.9
Hardy, J.J.,429666,329,9.4,27.1,107.3,86.8,90.8,85.3,424,156,397,101,30.7,5,1.5,1.1
Navarro, Dioner,425900,146,15.4,32.2,107.3,87.1,91.4,82.7,408,189,380,40,27.4,8,5.5,4.2
Lobaton, Jose,446653,99,11.0,26.3,107.3,87.0,90.9,83.9,436,168,417,29,29.3,6,6.1,3.9
Casali, Curt,592200,69,15.5,29.0,107.3,90.4,93.8,87.5,429,195,382,30,43.5,6,8.7,5.3
Ahmed, Nick,605113,348,10.3,26.7,107.2,84.0,89.1,80.7,402,171,387,77,22.1,6,1.7,1.3
Ramirez, Alexei,493351,522,8.4,33.5,107.2,84.6,88.4,82.8,412,146,386,115,22.0,8,1.5,1.3
Holt, Brock,571788,363,7.2,32.2,107.2,85.9,88.7,84.7,394,150,388,88,24.2,2,0.6,0.4
Drew, Stephen,452220,319,16.1,28.2,107.2,85.5,89.5,82.0,420,189,379,80,25.1,10,3.1,2.3
Gregorius, Didi,544369,449,10.4,34.1,107.2,84.8,88.1,83.0,416,162,388,110,24.5,7,1.6,1.2
Hernandez, Cesar,514917,324,2.4,28.1,107.2,82.7,89.2,78.9,402,137,394,87,26.9,4,1.2,0.9
Shuck, JB,543776,132,1.5,20.5,107.2,82.7,87.8,81.0,377,123,,31,23.5,0,0.0,0.0
Lavarnway, Ryan,543432,66,17.6,37.9,107.2,90.8,92.4,90.6,443,193,421,29,43.9,4,6.1,3.8
Featherston, Taylor,605227,113,6.1,28.3,107.1,83.6,90.4,79.5,406,167,406,29,25.7,3,2.7,1.8
Hechavarria, Adeiny,588751,394,6.6,31.7,107.1,86.5,90.3,84.1,426,154,402,122,31.0,4,1.0,0.8
Cowgill, Collin,518577,51,6.8,35.3,107.1,83.5,90.4,78.8,422,167,422,14,27.5,2,3.9,2.7
Peterson, Shane,451089,150,5.7,31.3,107.0,88.3,91.5,86.3,414,160,396,60,40.0,4,2.7,1.8
Guerrero, Alex,648717,164,14.6,34.8,107.0,87.2,91.6,82.6,436,191,402,54,32.9,14,8.5,6.1
Gillaspie, Conor,543216,192,9.8,36.5,107.0,87.0,92.0,82.9,405,167,389,51,26.6,4,2.1,1.6
Herrera, Elian,467070,187,15.8,38.5,107.0,84.4,89.7,80.4,403,180,388,48,25.7,5,2.7,1.8
Carrera, Ezequiel,485567,134,-0.5,26.9,106.9,81.7,88.6,78.5,397,126,360,41,30.6,7,5.2,3.6
Semien, Marcus,543760,426,13.4,38.0,106.9,87.0,91.9,81.7,419,183,391,123,28.9,19,4.5,3.2
Suzuki, Ichiro,400085,356,2.6,27.5,106.9,82.4,86.0,80.8,377,120,342,49,13.8,2,0.6,0.5
Blanco, Andres,433217,192,9.3,31.3,106.9,86.1,90.7,83.5,410,164,394,51,26.6,10,5.2,3.8
Herrera, Dilson,599096,67,17.4,29.9,106.9,84.9,88.1,82.6,405,184,387,17,25.4,2,3.0,1.9
Gordon, Dee,543829,535,-0.7,28.8,106.9,81.5,87.4,78.4,409,126,379,91,17.0,6,1.1,0.9
Tomlinson, Kelby,605509,138,3.9,34.1,106.7,87.4,88.5,87.9,382,137,382,43,31.2,0,0.0,0.0
Sweeney, Darnell,572182,58,12.1,29.3,106.7,89.3,92.3,87.2,445,191,412,19,32.8,4,6.9,4.1
Ramirez, Jose,608070,283,9.4,27.9,106.7,84.8,88.0,83.2,447,164,402,68,24.0,5,1.8,1.4
Cabrera, Asdrubal,452678,405,16.2,32.1,106.7,87.3,92.2,83.5,446,188,393,131,32.3,22,5.4,4.0
Panik, Joe,605412,347,11.2,32.3,106.7,86.3,89.9,83.8,422,170,392,101,29.1,9,2.6,2.1
Bourn, Michael,456422,329,6.6,34.3,106.7,83.3,88.5,79.2,388,153,,61,18.5,6,1.8,1.2
Buxton, Byron,621439,87,10.2,26.4,106.6,83.2,89.6,78.1,406,183,402,19,21.8,3,3.4,2.2
Campbell, Eric,493472,139,8.7,39.6,106.6,87.3,90.8,84.4,416,169,398,51,36.7,6,4.3,2.9
Franklin, Nick,545338,65,16.1,38.5,106.6,84.3,90.3,75.7,420,196,406,15,23.1,5,7.7,4.6
Altuve, Jose,514888,580,10.5,31.6,106.5,85.8,90.2,83.2,410,159,386,167,28.8,18,3.1,2.6
Goins, Ryan,572365,305,2.9,26.9,106.5,85.5,90.2,83.1,425,136,385,98,32.1,8,2.6,1.9
Saladino, Tyler,573135,189,5.7,26.5,106.5,85.0,90.1,83.0,403,135,391,64,33.9,4,2.1,1.6
Kipnis, Jason,543401,468,8.2,37.2,106.4,88.7,92.6,85.2,435,170,389,178,38.0,14,3.0,2.2
Duffy, Matt,622110,481,7.1,34.1,106.4,87.9,90.6,86.2,431,152,391,154,32.0,20,4.2,3.3
Hanigan, Ryan,452672,137,8.9,30.7,106.4,85.4,89.0,83.4,401,147,386,31,22.6,1,0.7,0.5
Gosewisch, Tuffy,488912,106,9.5,27.4,106.4,86.8,92.3,84.4,384,165,370,29,27.4,0,0.0,0.0
Perez, Carlos,542208,215,11.5,34.9,106.4,85.5,88.1,84.8,408,168,396,51,23.7,2,0.9,0.7
Aviles, Mike,449107,258,9.1,27.9,106.4,85.8,87.8,85.2,414,145,386,78,30.2,3,1.2,0.9
Robinson, Shane,453203,155,7.4,29.0,106.3,83.2,87.8,81.3,392,142,,32,20.6,1,0.6,0.5
Garcia, Greg,594824,64,4.1,37.5,106.3,82.3,90.9,77.3,405,149,404,15,23.4,2,3.1,2.3
Mayberry Jr., John,460055,77,10.9,36.4,106.3,85.4,91.1,79.0,413,181,395,16,20.8,2,2.6,1.7
Castro, Daniel,593495,82,5.8,19.5,106.2,81.4,84.4,80.1,374,116,369,9,11.0,0,0.0,0.0
Rosario, Eddie,592696,341,13.6,30.8,106.2,86.9,91.7,82.2,433,186,400,105,30.8,21,6.2,4.4
Escobar, Alcides,444876,552,8.3,31.2,106.2,83.5,86.5,81.9,407,154,395,89,16.1,5,0.9,0.8
Jay, Jon,445055,179,1.5,26.8,106.2,85.4,89.8,84.0,416,125,416,52,29.1,2,1.1,0.8
Jones, Garrett,434540,107,12.2,25.2,106.1,89.1,92.3,88.5,409,171,391,41,38.3,4,3.7,2.6
Swisher, Nick,430897,168,8.4,28.6,106.0,86.8,92.7,82.6,395,149,378,49,29.2,5,3.0,1.9
Sucre, Jesus,491696,115,7.3,21.7,106.0,82.1,87.6,78.8,387,135,387,29,25.2,1,0.9,0.7
Clevenger, Steve,502182,88,8.8,35.2,105.9,89.9,95.0,86.2,394,187,391,28,31.8,3,3.4,2.9
Cabrera, Everth,465784,77,-2.7,18.2,105.9,85.8,90.0,84.1,345,103,,20,26.0,0,0.0,0.0
Sanchez, Yolmer,570560,315,6.1,30.2,105.9,84.6,88.7,82.2,393,142,383,65,20.6,4,1.3,1.0
Lowrie, Jed,476704,189,16.1,39.7,105.8,89.0,91.9,85.7,443,196,374,66,34.9,5,2.6,1.9
Nava, Daniel,537953,105,12.8,32.4,105.8,86.0,90.8,82.6,401,170,370,33,31.4,3,2.9,1.8
Suzuki, Kurt,435559,384,12.5,31.0,105.8,87.0,90.2,85.0,405,168,393,112,29.2,4,1.0,0.8
Navarro, Efren,519068,67,7.2,29.9,105.7,87.1,90.2,86.6,387,139,,20,29.9,0,0.0,0.0
Descalso, Daniel,518614,144,11.2,26.4,105.6,85.8,89.2,85.0,409,172,393,37,25.7,4,2.8,1.9
Gillespie, Cole,502261,120,6.0,24.2,105.6,85.1,90.7,83.3,410,139,408,39,32.5,3,2.5,1.9
Beckham, Gordon,493596,173,11.1,30.1,105.6,84.8,87.5,83.7,416,166,378,40,23.1,4,2.3,1.7
Wilson, Bobby,435064,96,7.6,27.1,105.6,81.6,86.9,79.2,391,141,391,21,21.9,1,1.0,0.7
Kinsler, Ian,435079,549,17.4,37.5,105.5,85.6,88.6,83.2,407,189,378,144,26.2,16,2.9,2.4
Ynoa, Rafael,501255,100,7.9,28.0,105.4,82.7,86.7,81.5,387,148,,17,17.0,0,0.0,0.0
De Aza, Alejandro,457477,245,11.8,37.1,105.4,84.3,89.6,78.4,409,187,380,57,23.3,7,2.9,1.9
Schafer, Logan,502582,100,7.7,28.0,105.3,86.1,91.4,83.5,399,155,399,30,30.0,1,1.0,0.7
Herrmann, Chris,543302,67,10.9,20.9,105.3,85.9,91.7,82.8,384,150,360,20,29.9,2,3.0,1.8
Dyson, Jarrod,502481,170,1.8,25.9,105.3,80.1,86.1,78.4,400,128,400,33,19.4,1,0.6,0.4
Schumaker, Skip,435401,194,5.5,37.6,105.3,86.0,90.1,83.2,374,147,,42,21.6,2,1.0,0.7
Solano, Donovan,456781,73,1.5,23.3,105.3,88.3,91.5,86.6,386,133,,26,35.6,0,0.0,0.0
Molina, Yadier,425877,439,10.0,33.0,105.1,86.3,89.7,84.4,403,156,392,111,25.3,10,2.3,1.9
Hill, Aaron,431094,267,12.4,37.1,105.1,88.3,91.3,86.0,437,199,404,79,29.6,6,2.2,1.7
Kershaw, Clayton,477132,53,-9.5,18.9,105.1,76.8,86.2,74.0,356,106,,9,17.0,0,0.0,0.0
Jankowski, Travis,608671,68,-0.5,19.1,105.0,83.6,87.9,83.5,390,110,381,15,22.1,1,1.5,1.0
Negron, Kristopher,502117,72,5.4,26.4,105.0,80.4,85.8,77.1,370,157,,11,15.3,2,2.8,1.9
Rosales, Adam,489267,84,10.6,26.2,105.0,86.5,90.9,84.7,408,148,388,25,29.8,5,6.0,4.0
Leon, Sandy,506702,92,11.6,23.9,104.9,80.8,86.6,78.1,381,138,,15,16.3,1,1.1,0.8
Pena, Brayan,430910,302,7.0,25.8,104.9,84.9,87.1,84.2,380,137,,52,17.2,1,0.3,0.3
Aoki, Norichika,493114,331,0.6,24.8,104.9,84.6,88.0,83.4,388,131,371,63,19.0,3,0.9,0.8
Utley, Chase,400284,317,12.5,33.1,104.9,88.1,91.5,86.6,393,173,377,109,34.4,9,2.8,2.1
Adrianza, Ehire,501303,95,10.4,27.4,104.8,82.0,85.9,80.3,382,137,,21,22.1,1,1.1,0.7
Burns, Billy,542993,441,7.0,27.9,104.8,82.2,85.1,81.7,424,134,391,62,14.1,2,0.5,0.4
Harrison, Josh,543281,352,11.3,36.1,104.7,85.8,89.7,82.2,417,172,396,86,24.4,5,1.4,1.1
Zimmermann, Jordan,519455,51,-2.6,19.6,104.7,75.6,84.5,70.6,337,115,,9,17.6,0,0.0,0.0
Infante, Omar,408299,377,13.8,30.5,104.7,83.6,86.9,81.6,397,164,387,77,20.4,3,0.8,0.7
Pedroia, Dustin,456030,334,9.0,27.5,104.7,88.0,91.8,86.0,412,151,391,85,25.4,11,3.3,2.6
Pennington, Cliff,460060,172,9.1,30.8,104.5,82.9,89.9,77.8,404,165,394,45,26.2,5,2.9,2.0
Bonifacio, Emilio,466988,52,-0.1,25.0,104.5,79.2,86.6,76.0,354,119,,7,13.5,0,0.0,0.0
Gosselin, Phil,594838,91,6.4,33.0,104.3,86.9,88.2,86.7,434,156,421,28,30.8,5,5.5,4.2
Bourgeois, Jason,430652,164,4.6,25.0,104.3,83.8,85.5,84.1,391,129,371,35,21.3,2,1.2,0.9
Ruiz, Carlos,434563,245,9.4,31.4,104.3,84.3,88.5,81.4,409,169,383,43,17.6,4,1.6,1.3
Butera, Drew,460077,86,18.1,30.2,104.3,81.5,88.6,74.9,396,195,383,15,17.4,2,2.3,1.7
Hamilton, Billy,571740,350,7.0,29.1,104.2,79.6,84.8,75.4,417,164,394,30,8.6,2,0.6,0.4
Romine, Andrew,461865,143,2.4,28.7,104.1,83.6,88.3,81.0,370,130,357,31,21.7,0,0.0,0.0
Amarista, Alexi,506560,277,9.3,30.0,104.1,84.6,89.2,80.7,396,159,381,45,16.2,3,1.1,0.8
Barnhart, Tucker,571466,202,7.5,33.7,104.1,84.7,86.7,83.9,404,162,383,39,19.3,1,0.5,0.4
Holaday, Bryan,592407,51,18.3,33.3,104.0,85.5,89.7,81.7,405,202,380,13,25.5,4,7.8,6.2
Fuld, Sam,453539,238,2.1,23.9,104.0,84.2,89.2,82.9,397,120,384,53,22.3,3,1.3,0.9
Tejada, Ruben,514913,294,11.7,41.2,103.9,84.2,87.4,81.3,405,168,382,67,22.8,6,2.0,1.5
Barmes, Clint,425549,155,18.7,38.1,103.8,81.7,85.9,75.7,411,192,408,23,14.8,4,2.6,1.8
Crisp, Coco,424825,101,13.3,35.6,103.8,84.0,85.6,83.6,371,151,,20,19.8,1,1.0,0.7
Rutledge, Josh,592710,52,9.0,30.8,103.7,85.6,88.0,84.4,387,144,387,11,21.2,2,3.8,2.4
Craig, Allen,501800,53,5.1,24.5,103.7,84.5,88.3,81.5,362,137,343,12,22.6,1,1.9,1.1
Taylor, Chris,621035,65,12.4,44.6,103.7,86.8,91.4,79.8,378,208,,21,32.3,1,1.5,1.0
Garneau, Dustin,572863,56,17.9,26.8,103.6,83.0,89.3,79.2,394,169,388,9,16.1,2,3.6,2.6
Gennett, Scooter,571697,307,10.4,34.5,103.6,84.5,88.8,81.7,401,159,389,69,22.5,3,1.0,0.8
Alberto, Hanser,593643,85,5.6,28.2,103.5,77.9,84.7,73.3,390,150,,10,11.8,0,0.0,0.0
Robertson, Daniel,543706,71,6.6,25.4,103.2,84.0,85.3,85.3,362,148,,16,22.5,0,0.0,0.0
Herrera, Jonathan,468406,107,10.9,23.4,103.0,80.0,83.4,77.5,389,167,374,15,14.0,1,0.9,0.8
Cozart, Zack,446359,169,14.6,37.3,103.0,85.1,88.4,83.6,396,186,378,37,21.9,6,3.6,2.8
Machado, Dixon,553988,57,5.6,29.8,103.0,83.0,89.6,81.2,372,132,,17,29.8,1,1.8,1.3
Corporan, Carlos,449786,71,14.3,36.6,102.9,84.4,88.8,79.1,403,196,374,18,25.4,1,1.4,0.8
Stewart, Chris,455755,135,5.8,31.9,102.9,81.7,84.4,81.0,398,143,,23,17.0,0,0.0,0.0
De Jesus Jr., Ivan,474443,147,4.9,39.5,102.9,86.4,90.0,82.8,402,153,381,42,28.6,4,2.7,1.8
Ryan, Brendan,453895,68,11.2,20.6,102.8,83.9,89.2,81.8,383,150,,14,20.6,1,1.5,1.0
Hammel, Jason,434628,51,-3.8,17.6,102.7,81.1,82.3,81.8,349,82,,12,23.5,0,0.0,0.0
Cunningham, Todd,592239,69,11.4,30.4,102.4,82.9,85.1,83.4,332,142,,10,14.5,0,0.0,0.0
Scherzer, Max,453286,52,-11.0,19.2,102.0,74.2,83.6,71.3,291,73,,8,15.4,0,0.0,0.0
Elmore, Jake,518653,121,8.9,38.0,101.7,83.0,87.5,79.4,403,160,374,14,11.6,0,0.0,0.0
Bloomquist, Willie,217100,56,10.8,26.8,101.3,86.8,89.1,86.0,374,169,,9,16.1,1,1.8,1.4
Callaspo, Alberto,430948,199,12.2,34.2,101.2,83.8,85.7,82.4,393,174,369,35,17.6,1,0.5,0.4
Kozma, Pete,518902,79,17.6,43.0,100.6,81.7,86.5,75.4,362,200,,9,11.4,0,0.0,0.0
Pacheco, Jordan,457574,54,9.2,38.9,100.0,84.2,86.9,83.9,389,168,376,11,20.4,0,0.0,0.0
Teheran, Julio,527054,57,-9.6,24.6,99.5,72.5,82.1,68.5,344,129,,3,5.3,0,0.0,0.0
Sardinas, Luis,596143,74,3.8,21.6,97.7,82.6,84.8,81.6,365,135,,6,8.1,0,0.0,0.0