last_name, first_name,player_id,year,pa,bip,ba,est_ba,est_ba_minus_ba_diff,slg,est_slg,est_slg_minus_slg_diff,woba,est_woba,est_woba_minus_woba_diff
Lindor, Francisco,596019,2018,745,560,.277,.292,-.015,.519,.515,.004,.368,.375,-.007
Turner, Trea,607208,2018,740,534,.271,.282,-.011,.416,.421,-.005,.331,.337,-.006
Machado, Manny,592518,2018,709,533,.297,.289,.008,.538,.517,.021,.377,.372,.005
Hernandez, Cesar,514917,2018,708,454,.253,.252,.001,.362,.361,.001,.320,.321,-.001
Freeman, Freddie,518692,2018,707,492,.309,.295,.014,.505,.533,-.028,.378,.387,-.009
Merrifield, Whit,593160,2018,707,526,.304,.280,.024,.438,.426,.012,.349,.341,.008
Stanton, Giancarlo,519317,2018,705,416,.266,.247,.019,.509,.473,.036,.360,.344,.016
Markakis, Nick,455976,2018,705,552,.297,.294,.003,.440,.429,.011,.345,.345,.000
Bregman, Alex,608324,2018,705,512,.286,.271,.015,.532,.468,.064,.396,.371,.025
Semien, Marcus,543760,2018,703,510,.255,.245,.010,.388,.380,.008,.308,.304,.004
Ramirez, Jose,608070,2018,698,504,.270,.266,.004,.552,.474,.078,.392,.366,.026
Blackmon, Charlie,453568,2018,696,495,.291,.282,.009,.502,.446,.056,.368,.347,.021
Harper, Bryce,547180,2018,695,390,.249,.260,-.011,.496,.511,-.015,.376,.388,-.012
Goldschmidt, Paul,502671,2018,690,420,.290,.272,.018,.533,.534,-.001,.390,.384,.006
Albies, Ozzie,645277,2018,684,527,.261,.251,.010,.452,.403,.049,.324,.303,.021
Haniger, Mitch,571745,2018,683,455,.285,.281,.004,.493,.501,-.008,.367,.371,-.004
Peraza, Jose,606299,2018,683,570,.288,.284,.004,.416,.387,.029,.319,.309,.010
McCutchen, Andrew,457705,2018,682,431,.255,.263,-.008,.424,.446,-.022,.347,.361,-.014
Lowrie, Jed,476704,2018,680,471,.267,.251,.016,.448,.420,.028,.348,.333,.015
Santana, Carlos,467793,2018,679,475,.229,.245,-.016,.414,.420,-.006,.333,.346,-.013
Castellanos, Nicholas,592206,2018,678,472,.298,.301,-.003,.500,.530,-.030,.363,.377,-.014
Hosmer, Eric,543333,2018,677,472,.253,.251,.002,.398,.392,.006,.310,.310,.000
Carpenter, Matt,572761,2018,677,410,.257,.271,-.014,.523,.546,-.023,.375,.392,-.017
Arenado, Nolan,571448,2018,673,475,.297,.267,.030,.561,.474,.087,.391,.353,.038
Anderson, Brian,605119,2018,670,463,.273,.261,.012,.400,.409,-.009,.333,.334,-.001
Choo, Shin-Soo,425783,2018,665,407,.264,.251,.013,.434,.464,-.030,.356,.361,-.005
Rizzo, Anthony,519203,2018,665,495,.283,.291,-.008,.470,.469,.001,.359,.366,-.007
Sanchez, Yolmer,570560,2018,662,467,.242,.240,.002,.372,.346,.026,.297,.289,.008
Benintendi, Andrew,643217,2018,661,482,.290,.286,.004,.465,.457,.008,.357,.357,.000
Hoskins, Rhys,656555,2018,660,413,.246,.235,.011,.496,.462,.034,.363,.352,.011
Inciarte, Ender,542255,2018,660,519,.265,.254,.011,.380,.340,.040,.309,.294,.015
Olson, Matt,621566,2018,660,419,.247,.250,-.003,.453,.492,-.039,.340,.355,-.015
Galvis, Freddy,520471,2018,656,462,.248,.227,.021,.380,.350,.030,.294,.278,.016
Story, Trevor,596115,2018,656,434,.291,.266,.025,.567,.511,.056,.384,.356,.028
Davis, Khris,501981,2018,654,408,.247,.251,-.004,.549,.569,-.020,.365,.378,-.013
Yelich, Christian,592885,2018,651,441,.326,.327,-.001,.598,.572,.026,.422,.418,.004
Moncada, Yoan,660162,2018,650,365,.235,.219,.016,.400,.389,.011,.311,.302,.009
Martinez, J.D.,502110,2018,649,430,.330,.312,.018,.629,.621,.008,.428,.421,.007
Castro, Starlin,516770,2018,647,475,.278,.262,.016,.400,.407,-.007,.316,.314,.002
Baez, Javier,595879,2018,645,444,.290,.279,.011,.554,.509,.045,.366,.349,.017
Conforto, Michael,624424,2018,638,388,.243,.243,.000,.448,.429,.019,.342,.339,.003
Gennett, Scooter,571697,2018,638,467,.310,.259,.051,.490,.406,.084,.362,.312,.050
Mancini, Trey,641820,2018,636,434,.242,.257,-.015,.416,.443,-.027,.308,.332,-.024
Moustakas, Mike,519058,2018,635,476,.251,.259,-.008,.459,.463,-.004,.329,.336,-.007
Dozier, Brian,572821,2018,632,429,.215,.210,.005,.391,.353,.038,.304,.292,.012
Segura, Jean,516416,2018,632,527,.304,.283,.021,.415,.401,.014,.327,.315,.012
Bellinger, Cody,641355,2018,632,409,.260,.242,.018,.470,.433,.037,.345,.328,.017
Brantley, Michael,488726,2018,631,517,.309,.307,.002,.468,.457,.011,.359,.360,-.001
Escobar, Eduardo,500871,2018,631,448,.272,.249,.023,.489,.429,.060,.346,.321,.025
Seager, Kyle,572122,2018,630,449,.221,.247,-.026,.400,.416,-.016,.288,.308,-.020
Ozuna, Marcell,542303,2018,628,476,.280,.291,-.011,.433,.499,-.066,.327,.359,-.032
Votto, Joey,458015,2018,623,405,.284,.290,-.006,.419,.481,-.062,.370,.395,-.025
Cain, Lorenzo,456715,2018,620,447,.308,.289,.019,.417,.392,.025,.359,.342,.017
Springer, George,543807,2018,620,425,.265,.255,.010,.434,.458,-.024,.340,.345,-.005
Candelario, Jeimer,600869,2018,619,384,.224,.203,.021,.393,.345,.048,.311,.289,.022
Desmond, Ian,435622,2018,619,414,.236,.232,.004,.422,.389,.033,.315,.304,.011
Chapman, Matt,656305,2018,616,403,.278,.260,.018,.508,.433,.075,.369,.339,.030
Betts, Mookie,605141,2018,614,434,.346,.314,.032,.640,.610,.030,.449,.433,.016
Peralta, David,444482,2018,614,438,.293,.279,.014,.516,.473,.043,.368,.350,.018
Upton, Justin,457708,2018,613,363,.257,.256,.001,.463,.472,-.009,.348,.358,-.010
Jones, Adam,430945,2018,613,491,.281,.271,.010,.419,.411,.008,.315,.311,.004
Kepler, Max,596146,2018,611,439,.224,.234,-.010,.408,.404,.004,.317,.322,-.005
Gardner, Brett,458731,2018,609,432,.236,.234,.002,.368,.340,.028,.305,.296,.009
Trout, Mike,545361,2018,608,351,.312,.295,.017,.628,.597,.031,.447,.432,.015
Anderson, Tim,641313,2018,606,423,.240,.227,.013,.406,.361,.045,.294,.274,.020
Andujar, Miguel,609280,2018,606,480,.297,.281,.016,.527,.444,.083,.361,.326,.035
Suarez, Eugenio,553993,2018,606,391,.283,.277,.006,.526,.517,.009,.377,.375,.002
Marte, Starling,516782,2018,606,454,.277,.279,-.002,.460,.467,-.007,.337,.342,-.005
Piscotty, Stephen,572039,2018,605,437,.267,.266,.001,.491,.488,.003,.351,.354,-.003
Taylor, Chris,621035,2018,604,362,.254,.247,.007,.444,.417,.027,.335,.327,.008
Kipnis, Jason,543401,2018,601,422,.230,.237,-.007,.389,.395,-.006,.309,.315,-.006
Simmons, Andrelton,592743,2018,600,516,.292,.288,.004,.417,.403,.014,.326,.324,.002
Altuve, Jose,514888,2018,599,459,.316,.296,.020,.451,.459,-.008,.364,.358,.006
Rendon, Anthony,543685,2018,597,455,.308,.307,.001,.535,.548,-.013,.383,.389,-.006
Herrera, Odubel,546318,2018,597,430,.255,.235,.020,.420,.358,.062,.315,.285,.030
Smoak, Justin,475253,2018,594,352,.242,.222,.020,.457,.436,.021,.349,.335,.014
Crawford, Brandon,543063,2018,594,414,.254,.260,-.006,.394,.384,.010,.306,.311,-.005
Profar, Jurickson,595777,2018,594,440,.254,.257,-.003,.458,.397,.061,.341,.325,.016
Rosario, Amed,642708,2018,592,441,.256,.266,-.010,.381,.376,.005,.290,.295,-.005
Cabrera, Asdrubal,452678,2018,592,429,.262,.255,.007,.458,.438,.020,.332,.323,.009
Rosario, Eddie,592696,2018,592,458,.288,.247,.041,.479,.428,.051,.340,.303,.037
Cruz, Nelson,443558,2018,591,400,.256,.277,-.021,.509,.555,-.046,.361,.389,-.028
Martinez, Jose,500874,2018,590,435,.305,.309,-.004,.457,.521,-.064,.356,.384,-.028
Gordon, Dee,543829,2018,588,490,.268,.277,-.009,.349,.333,.016,.277,.278,-.001
Shaw, Travis,543768,2018,587,397,.241,.242,-.001,.480,.458,.022,.351,.346,.005
Jay, Jon,445055,2018,586,440,.268,.260,.008,.347,.343,.004,.301,.298,.003
Bell, Josh,605137,2018,583,402,.261,.260,.001,.411,.420,-.009,.336,.340,-.004
LeMahieu, DJ,518934,2018,581,460,.276,.282,-.006,.428,.424,.004,.323,.327,-.004
Hicks, Aaron,543305,2018,581,377,.248,.266,-.018,.467,.466,.001,.360,.372,-.012
Bogaerts, Xander,593428,2018,580,417,.288,.283,.005,.522,.497,.025,.373,.366,.007
Marte, Ketel,606466,2018,580,444,.260,.266,-.006,.437,.402,.035,.330,.325,.005
Encarnacion, Edwin,429665,2018,579,375,.246,.249,-.003,.474,.492,-.018,.346,.362,-.016
Gallo, Joey,608336,2018,577,293,.206,.232,-.026,.498,.539,-.041,.343,.369,-.026
Alonso, Yonder,475174,2018,574,398,.250,.252,-.002,.421,.447,-.026,.319,.331,-.012
Gurriel, Yuli,493329,2018,573,481,.291,.264,.027,.428,.366,.062,.323,.293,.030
Pham, Tommy,502054,2018,570,357,.275,.292,-.017,.464,.508,-.044,.359,.382,-.023
Gregorius, Didi,544369,2018,569,445,.268,.262,.006,.494,.402,.092,.350,.319,.031
Gordon, Alex,460086,2018,568,383,.246,.258,-.012,.370,.435,-.065,.305,.334,-.029
Aguilar, Jesus,542583,2018,566,359,.274,.257,.017,.539,.496,.043,.374,.360,.014
Ahmed, Nick,605113,2018,564,413,.234,.239,-.005,.411,.371,.040,.300,.290,.010
Cron, C.J.,543068,2018,560,361,.253,.251,.002,.493,.486,.007,.347,.347,.000
Duffy, Matt,622110,2018,560,413,.294,.277,.017,.366,.358,.008,.323,.314,.009
Hamilton, Billy,571740,2018,556,377,.236,.230,.006,.327,.273,.054,.277,.260,.017
Abreu, Jose,547989,2018,553,396,.265,.281,-.016,.473,.496,-.023,.337,.358,-.021
Gonzalez, Marwin,503556,2018,552,370,.247,.243,.004,.409,.411,-.002,.318,.318,.000
Calhoun, Kole,594777,2018,552,364,.208,.251,-.043,.369,.451,-.082,.283,.333,-.050
Dietrich, Derek,518618,2018,551,361,.265,.238,.027,.421,.383,.038,.327,.303,.024
Wendle, Joey,621563,2018,545,403,.300,.263,.037,.435,.372,.063,.338,.306,.032
Smith, Mallex,605480,2018,544,391,.296,.270,.026,.406,.352,.054,.340,.311,.029
Contreras, Willson,575929,2018,544,357,.249,.233,.016,.390,.370,.020,.321,.310,.011
Perez, Salvador,521692,2018,544,407,.235,.260,-.025,.439,.480,-.041,.304,.334,-.030
Mauer, Joe,408045,2018,543,404,.282,.293,-.011,.379,.446,-.067,.319,.351,-.032
Pillar, Kevin,607680,2018,542,420,.252,.280,-.028,.426,.432,-.006,.302,.320,-.018
Mazara, Nomar,608577,2018,536,376,.258,.269,-.011,.436,.452,-.016,.324,.339,-.015
Nimmo, Brandon,607043,2018,535,293,.263,.241,.022,.483,.398,.085,.385,.352,.033
Odor, Rougned,596059,2018,535,354,.253,.247,.006,.424,.410,.014,.325,.319,.006
Polanco, Gregory,570256,2018,535,351,.254,.248,.006,.499,.448,.051,.353,.342,.011
Bradley Jr., Jackie,598265,2018,535,341,.234,.265,-.031,.403,.463,-.060,.310,.346,-.036
Kinsler, Ian,435079,2018,534,426,.240,.248,-.008,.380,.369,.011,.298,.299,-.001
Dickerson, Corey,572816,2018,533,428,.300,.287,.013,.474,.454,.020,.341,.332,.009
Swanson, Dansby,621020,2018,533,365,.238,.229,.009,.395,.359,.036,.293,.278,.015
Realmuto, J.T.,592663,2018,531,377,.277,.278,-.001,.484,.478,.006,.353,.354,-.001
Escobar, Alcides,444876,2018,531,423,.231,.241,-.010,.313,.329,-.016,.261,.275,-.014
Rojas, Miguel,500743,2018,528,426,.252,.263,-.011,.346,.349,-.003,.281,.289,-.008
Camargo, Johan,622666,2018,524,359,.272,.240,.032,.457,.379,.078,.346,.310,.036
Healy, Ryon,592387,2018,524,382,.235,.259,-.024,.412,.440,-.028,.296,.320,-.024
Hernandez, Teoscar,606192,2018,523,316,.239,.235,.004,.468,.498,-.030,.328,.340,-.012
Davis, Chris,448801,2018,522,282,.168,.189,-.021,.296,.357,-.061,.239,.272,-.033
Barnhart, Tucker,571466,2018,522,370,.248,.239,.009,.372,.354,.018,.307,.301,.006
Zobrist, Ben,450314,2018,520,403,.305,.280,.025,.440,.396,.044,.355,.336,.019
Margot, Manuel,622534,2018,519,397,.245,.255,-.010,.384,.371,.013,.288,.294,-.006
Grandal, Yasmani,518735,2018,518,319,.241,.222,.019,.466,.446,.020,.352,.338,.014
Villar, Jonathan,542340,2018,515,331,.260,.231,.029,.384,.358,.026,.312,.291,.021
Longoria, Evan,446334,2018,512,384,.244,.249,-.005,.413,.425,-.012,.295,.308,-.013
Schwarber, Kyle,656941,2018,510,291,.238,.247,-.009,.467,.473,-.006,.343,.350,-.007
Martinez, Victor,400121,2018,508,425,.251,.267,-.016,.353,.414,-.061,.281,.314,-.033
Solarte, Yangervis,500208,2018,506,400,.226,.254,-.028,.378,.393,-.015,.284,.303,-.019
Kemp, Matt,461314,2018,506,354,.290,.278,.012,.481,.528,-.047,.348,.362,-.014
Gonzalez, Carlos,471865,2018,504,353,.276,.252,.024,.467,.391,.076,.338,.303,.035
Molina, Yadier,425877,2018,503,399,.261,.269,-.008,.436,.440,-.004,.323,.333,-.010
Nunez, Eduardo,456488,2018,502,415,.265,.271,-.006,.388,.360,.028,.292,.289,.003
Schoop, Jonathan,570731,2018,501,363,.233,.228,.005,.416,.352,.064,.290,.267,.023
Bour, Justin,571506,2018,501,302,.227,.226,.001,.404,.410,-.006,.325,.326,-.001
Span, Denard,452655,2018,501,365,.261,.286,-.025,.419,.392,.027,.330,.337,-.007
Pujols, Albert,405395,2018,498,403,.245,.265,-.020,.411,.447,-.036,.299,.325,-.026
Judge, Aaron,592450,2018,498,266,.278,.277,.001,.528,.527,.001,.391,.394,-.003
Davidson, Matt,571602,2018,496,272,.228,.225,.003,.419,.423,-.004,.322,.324,-.002
Soto, Juan,665742,2018,494,316,.292,.267,.025,.517,.484,.033,.392,.371,.021
Goodrum, Niko,592348,2018,492,314,.245,.245,.000,.432,.414,.018,.322,.318,.004
DeJong, Paul,657557,2018,490,318,.241,.240,.001,.433,.451,-.018,.321,.331,-.010
Devers, Rafael,646240,2018,490,331,.240,.239,.001,.433,.408,.025,.310,.305,.005
Heyward, Jason,518792,2018,489,384,.270,.280,-.010,.395,.400,-.005,.319,.326,-.007
Acuna Jr., Ronald,660670,2018,487,313,.293,.278,.015,.552,.535,.017,.388,.376,.012
Reddick, Josh,502210,2018,487,359,.242,.242,.000,.400,.365,.035,.312,.300,.012
Kingery, Scott,664068,2018,484,331,.226,.237,-.011,.338,.364,-.026,.263,.282,-.019
Torres, Gleyber,650402,2018,484,315,.271,.257,.014,.480,.464,.016,.349,.340,.009
Beltre, Adrian,134181,2018,481,345,.273,.268,.005,.434,.434,.000,.327,.329,-.002
Muncy, Max,571970,2018,481,266,.263,.259,.004,.582,.536,.046,.407,.394,.013
Almora Jr., Albert,546991,2018,479,369,.286,.254,.032,.378,.325,.053,.305,.278,.027
Pirela, Jose,517369,2018,473,351,.249,.259,-.010,.345,.349,-.004,.283,.292,-.009
Frazier, Todd,453943,2018,472,304,.213,.222,-.009,.390,.386,.004,.302,.306,-.004
Morales, Kendrys,434778,2018,471,323,.249,.272,-.023,.438,.526,-.088,.329,.377,-.048
Correa, Carlos,621043,2018,468,302,.239,.235,.004,.405,.378,.027,.313,.310,.003
Jones, JaCoby,592444,2018,467,290,.207,.239,-.032,.364,.368,-.004,.274,.295,-.021
Franco, Maikel,596748,2018,465,374,.270,.259,.011,.467,.416,.051,.328,.308,.020
Grossman, Robbie,543257,2018,465,320,.273,.247,.026,.384,.344,.040,.333,.313,.020
Russell, Addison,608365,2018,465,324,.250,.250,.000,.340,.343,-.003,.291,.294,-.003
Moran, Colin,592567,2018,465,340,.277,.270,.007,.407,.424,-.017,.322,.330,-.008
Iglesias, Jose,578428,2018,464,390,.269,.254,.015,.389,.337,.052,.304,.280,.024
Engel, Adam,641553,2018,463,308,.235,.220,.015,.336,.308,.028,.270,.253,.017
Happ, Ian,664023,2018,462,222,.233,.210,.023,.408,.390,.018,.329,.318,.011
Hernandez, Enrique,571771,2018,462,333,.256,.256,.000,.470,.438,.032,.342,.334,.008
Grichuk, Randal,545341,2018,462,305,.245,.246,-.001,.502,.485,.017,.340,.338,.002
Pollock, A.J.,572041,2018,460,321,.257,.255,.002,.484,.468,.016,.338,.336,.002
Moreland, Mitch,519048,2018,459,307,.245,.251,-.006,.433,.482,-.049,.325,.353,-.028
McCann, James,543510,2018,457,313,.220,.236,-.016,.314,.365,-.051,.256,.287,-.031
Bryant, Kris,592178,2018,457,285,.272,.258,.014,.460,.453,.007,.359,.355,.004
Difo, Wilmer,594694,2018,456,333,.230,.237,-.007,.350,.324,.026,.281,.277,.004
Belt, Brandon,474832,2018,456,294,.253,.259,-.006,.414,.485,-.071,.327,.355,-.028
Lucroy, Jonathan,518960,2018,454,357,.241,.251,-.010,.325,.356,-.031,.271,.291,-.020
Diaz, Aledmys,649557,2018,452,364,.263,.278,-.015,.453,.462,-.009,.321,.336,-.015
Hernandez, Gorkys,491676,2018,451,307,.234,.239,-.005,.391,.395,-.004,.292,.299,-.007
Gattis, Evan,594828,2018,451,314,.226,.219,.007,.452,.397,.055,.311,.296,.015
Palka, Daniel,594953,2018,449,264,.240,.231,.009,.484,.447,.037,.329,.313,.016
Williams, Nick,608384,2018,448,296,.256,.275,-.019,.425,.452,-.027,.325,.344,-.019
Posey, Buster,457763,2018,448,347,.284,.279,.005,.382,.426,-.044,.326,.341,-.015
Braun, Ryan,460075,2018,447,323,.254,.297,-.043,.469,.520,-.051,.330,.370,-.040
Puig, Yasiel,624577,2018,444,320,.267,.277,-.010,.494,.470,.024,.349,.348,.001
Pederson, Joc,592626,2018,443,314,.248,.238,.010,.522,.440,.082,.354,.326,.028
Parra, Gerardo,467827,2018,443,331,.284,.266,.018,.372,.374,-.002,.313,.308,.005
Renfroe, Hunter,592669,2018,441,299,.248,.243,.005,.504,.464,.040,.338,.326,.012
Mercer, Jordy,474568,2018,436,311,.251,.274,-.023,.381,.399,-.018,.296,.318,-.022
Gomes, Yan,543228,2018,435,287,.266,.253,.013,.449,.454,-.005,.326,.324,.002
Schebler, Scott,594988,2018,430,283,.255,.261,-.006,.439,.455,-.016,.337,.349,-.012
Flores, Wilmer,527038,2018,429,353,.267,.255,.012,.417,.372,.045,.316,.301,.015
Guzman, Ronald,608597,2018,428,267,.235,.225,.010,.416,.363,.053,.312,.291,.021
Andrus, Elvis,462101,2018,428,331,.256,.239,.017,.367,.351,.016,.296,.286,.010
Duvall, Adam,594807,2018,427,268,.195,.227,-.032,.365,.424,-.059,.278,.315,-.037
Bader, Harrison,664056,2018,427,260,.264,.234,.030,.422,.367,.055,.327,.295,.032
Turner, Justin,457759,2018,426,313,.312,.295,.017,.518,.495,.023,.396,.385,.011
Chirinos, Robinson,455139,2018,426,222,.222,.199,.023,.419,.393,.026,.333,.319,.014
Descalso, Daniel,518614,2018,423,246,.238,.232,.006,.436,.401,.035,.341,.336,.005
Forsythe, Logan,523253,2018,416,289,.232,.224,.008,.291,.305,-.014,.274,.277,-.003
Ramos, Wilson,467092,2018,416,304,.306,.266,.040,.487,.457,.030,.362,.334,.028
Canha, Mark,592192,2018,411,279,.249,.252,-.003,.449,.452,-.003,.334,.341,-.007
Gomez, Carlos,460576,2018,408,259,.208,.222,-.014,.336,.350,-.014,.285,.296,-.011
Wong, Kolten,543939,2018,407,302,.249,.236,.013,.388,.344,.044,.315,.297,.018
Brinson, Lewis,621446,2018,406,264,.199,.228,-.029,.338,.395,-.057,.248,.290,-.042
Zunino, Mike,572287,2018,405,225,.201,.207,-.006,.410,.418,-.008,.288,.296,-.008
Maldonado, Martin,455117,2018,404,279,.225,.210,.015,.351,.324,.027,.275,.261,.014
Cervelli, Francisco,465041,2018,404,254,.259,.244,.015,.431,.426,.005,.355,.351,.004
Granderson, Curtis,434158,2018,403,239,.242,.247,-.005,.431,.416,.015,.341,.340,.001
Beckham, Tim,542921,2018,402,272,.230,.239,-.009,.374,.377,-.003,.288,.297,-.009
Gyorko, Jedd,576397,2018,402,278,.262,.233,.029,.416,.406,.010,.333,.319,.014
Bautista, Jose,430832,2018,399,215,.203,.222,-.019,.378,.390,-.012,.324,.337,-.013
Walker, Neil,435522,2018,398,264,.219,.248,-.029,.354,.428,-.074,.292,.330,-.038
Kiner-Falefa, Isiah,643396,2018,396,300,.261,.254,.007,.357,.313,.044,.301,.284,.017
DeShields, Delino,592261,2018,393,264,.216,.211,.005,.281,.269,.012,.271,.265,.006
Panik, Joe,605412,2018,392,333,.254,.281,-.027,.332,.382,-.050,.280,.315,-.035
Dozier, Hunter,641531,2018,388,254,.229,.244,-.015,.395,.425,-.030,.291,.311,-.020
Suzuki, Kurt,435559,2018,388,310,.271,.270,.001,.444,.413,.031,.335,.328,.007
Bauers, Jake,641343,2018,388,227,.201,.215,-.014,.384,.362,.022,.308,.309,-.001
Jankowski, Travis,608671,2018,387,276,.259,.257,.002,.346,.305,.041,.303,.288,.015
Garcia, Avisail,541645,2018,385,259,.236,.254,-.018,.438,.466,-.028,.304,.329,-.025
Taylor, Michael A.,572191,2018,385,239,.227,.218,.009,.357,.338,.019,.280,.272,.008
Maybin, Cameron,457727,2018,384,269,.249,.259,-.010,.336,.374,-.038,.295,.314,-.019
Villanueva, Christian,570799,2018,384,248,.236,.221,.015,.450,.393,.057,.323,.297,.026
Travis, Devon,581527,2018,378,293,.232,.262,-.030,.381,.405,-.024,.284,.308,-.024
Alfaro, Jorge,595751,2018,377,207,.262,.229,.033,.407,.401,.006,.314,.298,.016
Jackson, Austin,457706,2018,375,215,.245,.207,.038,.326,.290,.036,.275,.245,.030
Sanchez, Gary,596142,2018,374,231,.186,.222,-.036,.406,.465,-.059,.304,.342,-.038
Harrison, Josh,543281,2018,374,283,.250,.240,.010,.363,.372,-.009,.285,.287,-.002
Eaton, Adam,594809,2018,370,257,.301,.288,.013,.411,.387,.024,.358,.345,.013
Kiermaier, Kevin,595281,2018,367,245,.217,.218,-.001,.370,.317,.053,.282,.271,.011
Duda, Lucas,446263,2018,367,229,.241,.240,.001,.418,.446,-.028,.316,.328,-.012
Ohtani, Shohei,660271,2018,367,225,.285,.276,.009,.564,.545,.019,.390,.383,.007
Holt, Brock,571788,2018,367,250,.277,.284,-.007,.411,.402,.009,.339,.339,.000
Adrianza, Ehire,501303,2018,366,259,.251,.243,.008,.379,.363,.016,.294,.287,.007
Arcia, Orlando,606115,2018,366,263,.236,.214,.022,.307,.286,.021,.254,.237,.017
Bruce, Jay,457803,2018,361,245,.223,.248,-.025,.370,.439,-.069,.296,.336,-.040
Iannetta, Chris,455104,2018,360,216,.224,.230,-.006,.385,.405,-.020,.320,.332,-.012
Morrison, Logan,489149,2018,359,239,.186,.236,-.050,.368,.459,-.091,.283,.338,-.055
Trumbo, Mark,444432,2018,358,245,.261,.269,-.008,.452,.444,.008,.329,.331,-.002
Martin, Leonys,547982,2018,353,243,.255,.274,-.019,.425,.491,-.066,.323,.361,-.038
Martin, Russell,431145,2018,352,207,.194,.204,-.010,.325,.332,-.007,.305,.311,-.006
Frazier, Adam,624428,2018,352,267,.277,.264,.013,.456,.386,.070,.343,.315,.028
Murphy, Daniel,502517,2018,351,291,.299,.305,-.006,.454,.459,-.005,.338,.346,-.008
Cano, Robinson,429664,2018,348,265,.303,.306,-.003,.471,.507,-.036,.364,.381,-.017
Myers, Wil,571976,2018,343,219,.253,.280,-.027,.446,.451,-.005,.328,.344,-.016
Robertson, Daniel,621002,2018,340,207,.262,.245,.017,.415,.384,.031,.354,.339,.015
Adams, Matt,571431,2018,337,233,.239,.241,-.002,.477,.468,.009,.334,.333,.001
Heredia, Guillermo,628338,2018,337,249,.236,.257,-.021,.342,.360,-.018,.295,.311,-.016
Pina, Manny,444489,2018,337,249,.252,.246,.006,.395,.389,.006,.301,.300,.001
Garver, Mitch,641598,2018,335,232,.268,.253,.015,.414,.402,.012,.325,.316,.009
Fowler, Dexter,451594,2018,334,218,.180,.209,-.029,.298,.305,-.007,.261,.277,-.016
Winker, Jesse,608385,2018,334,237,.299,.279,.020,.431,.455,-.024,.366,.367,-.001
Perez, Hernan,541650,2018,334,246,.253,.245,.008,.386,.374,.012,.292,.287,.005
Polanco, Jorge,593871,2018,333,244,.288,.263,.025,.427,.376,.051,.336,.309,.027
Pinder, Chad,640461,2018,333,212,.258,.265,-.007,.436,.508,-.072,.334,.363,-.029
Riddle, JT,595375,2018,332,245,.231,.247,-.016,.377,.375,.002,.282,.292,-.010
Munoz, Yairo,622168,2018,329,224,.276,.243,.033,.413,.368,.045,.326,.298,.028
Spangenberg, Cory,605486,2018,329,194,.235,.230,.005,.362,.366,-.004,.291,.291,.000
Hedges, Austin,595978,2018,326,214,.231,.207,.024,.429,.354,.075,.302,.264,.038
Zimmerman, Ryan,475582,2018,323,235,.264,.277,-.013,.486,.517,-.031,.351,.376,-.025
Adames, Willy,642715,2018,323,196,.278,.225,.053,.406,.363,.043,.328,.293,.035
Narvaez, Omar,553882,2018,322,217,.275,.256,.019,.429,.373,.056,.348,.322,.026
Culberson, Charlie,518586,2018,322,212,.270,.223,.047,.466,.341,.125,.335,.270,.065
Hechavarria, Adeiny,588751,2018,321,247,.247,.253,-.006,.345,.353,-.008,.268,.279,-.011
Delmonico, Nicky,547170,2018,318,205,.215,.217,-.002,.373,.352,.021,.292,.287,.005
Hicks, John,543308,2018,312,206,.260,.243,.017,.403,.388,.015,.311,.300,.011
Freese, David,501896,2018,312,211,.296,.286,.010,.471,.482,-.011,.357,.361,-.004
Bird, Greg,595885,2018,311,198,.199,.201,-.002,.386,.403,-.017,.291,.299,-.008
Hanson, Alen,593700,2018,310,229,.252,.218,.034,.425,.315,.110,.296,.244,.052
Owings, Chris,572008,2018,309,208,.206,.240,-.034,.302,.378,-.076,.250,.295,-.045
Cave, Jake,595909,2018,309,186,.265,.257,.008,.473,.482,-.009,.333,.340,-.007
Fletcher, David,664058,2018,307,255,.275,.275,.000,.363,.344,.019,.297,.295,.002
Hundley, Nick,460026,2018,305,197,.241,.260,-.019,.408,.406,.002,.304,.313,-.009
Herrera, Rosell,594011,2018,302,224,.234,.247,-.013,.317,.335,-.018,.266,.282,-.016
Sano, Miguel,593934,2018,299,153,.199,.179,.020,.398,.363,.035,.295,.276,.019
Flowers, Tyler,452095,2018,296,176,.227,.242,-.015,.359,.413,-.054,.315,.342,-.027
Kemp, Tony,643393,2018,295,215,.263,.234,.029,.392,.316,.076,.327,.292,.035
Gamel, Ben,592325,2018,293,197,.272,.256,.016,.370,.352,.018,.323,.313,.010
Mondesi, Adalberto,609275,2018,291,202,.276,.268,.008,.498,.485,.013,.341,.336,.005
Allen, Greg,656185,2018,291,212,.257,.255,.002,.343,.343,.000,.288,.291,-.003
Leon, Sandy,506702,2018,288,194,.177,.186,-.009,.279,.286,-.007,.227,.235,-.008
Valbuena, Luis,472528,2018,288,168,.199,.190,.009,.335,.354,-.019,.253,.260,-.007
Reyes, Franmil,614177,2018,285,181,.280,.251,.029,.498,.448,.050,.360,.331,.029
Altherr, Aaron,571437,2018,285,154,.181,.219,-.038,.333,.388,-.055,.282,.319,-.037
Valencia, Danny,502143,2018,282,207,.263,.281,-.018,.408,.461,-.053,.310,.345,-.035
Joseph, Caleb,543376,2018,280,199,.219,.225,-.006,.321,.316,.005,.251,.254,-.003
Thames, Eric,519346,2018,278,150,.219,.208,.011,.478,.445,.033,.330,.315,.015
Cabrera, Melky,466320,2018,278,217,.280,.289,-.009,.420,.381,.039,.326,.328,-.002
Plawecki, Kevin,608700,2018,277,175,.210,.226,-.016,.370,.356,.014,.302,.306,-.004
Diaz, Elias,553869,2018,277,215,.286,.289,-.003,.452,.441,.011,.340,.342,-.002
Garcia, Leury,544725,2018,275,194,.271,.266,.005,.376,.358,.018,.295,.287,.008
Mesoraco, Devin,519023,2018,274,193,.221,.210,.011,.398,.370,.028,.302,.289,.013
Souza Jr., Steven,519306,2018,272,166,.220,.237,-.017,.369,.388,-.019,.300,.314,-.014
Dahl, David,621311,2018,271,183,.273,.262,.011,.534,.454,.080,.358,.324,.034
Wieters, Matt,446308,2018,271,193,.238,.224,.014,.374,.386,-.012,.308,.308,.000
Bonifacio, Jorge,593528,2018,270,168,.225,.238,-.013,.360,.379,-.019,.296,.311,-.015
Vazquez, Christian,543877,2018,269,211,.207,.253,-.046,.283,.349,-.066,.240,.287,-.047
Austin, Tyler,592122,2018,268,152,.230,.230,.000,.480,.485,-.005,.325,.332,-.007
Romine, Austin,519222,2018,265,179,.244,.232,.012,.417,.360,.057,.307,.283,.024
Gurriel Jr., Lourdes,666971,2018,263,193,.281,.286,-.005,.446,.463,-.017,.322,.333,-.011
Nunez, Renato,600524,2018,261,176,.258,.227,.031,.419,.372,.047,.322,.296,.026
Soler, Jorge,624585,2018,257,156,.265,.251,.014,.466,.463,.003,.354,.354,.000
Miller, Brad,543543,2018,254,150,.248,.237,.011,.413,.429,-.016,.312,.316,-.004
Cozart, Zack,446359,2018,253,185,.219,.231,-.012,.362,.351,.011,.289,.294,-.005
Sandoval, Pablo,467055,2018,252,179,.248,.235,.013,.417,.387,.030,.312,.303,.009
Reyes, Jose,408314,2018,251,190,.189,.226,-.037,.320,.308,.012,.255,.270,-.015
Pearce, Steve,456665,2018,251,176,.284,.286,-.002,.512,.540,-.028,.382,.398,-.016
Mahtook, Mikie,543484,2018,250,160,.202,.219,-.017,.359,.353,.006,.276,.285,-.009
Stassi, Max,545358,2018,250,147,.226,.206,.020,.394,.395,-.001,.313,.305,.008
Pence, Hunter,452254,2018,248,178,.226,.231,-.005,.332,.342,-.010,.255,.267,-.012
McNeil, Jeff,643446,2018,248,205,.329,.287,.042,.471,.418,.053,.368,.333,.035
Ervin, Phillip,640447,2018,247,162,.252,.234,.018,.404,.365,.039,.315,.300,.015
Peterson, Jace,607054,2018,246,154,.200,.210,-.010,.324,.323,.001,.286,.292,-.006
Joyce, Matt,459964,2018,246,157,.208,.229,-.021,.353,.408,-.055,.299,.329,-.030
Lamb, Jake,571875,2018,238,146,.222,.231,-.009,.348,.377,-.029,.290,.310,-.020
Barnes, Austin,605131,2018,238,134,.205,.199,.006,.290,.272,.018,.281,.273,.008
Dyson, Jarrod,502481,2018,237,176,.189,.243,-.054,.257,.317,-.060,.245,.289,-.044
White, Tyler,643603,2018,237,162,.276,.246,.030,.533,.421,.112,.377,.326,.051
Reynolds, Mark,448602,2018,235,145,.248,.226,.022,.476,.428,.048,.342,.318,.024
Santana, Domingo,570267,2018,235,137,.265,.224,.041,.412,.376,.036,.319,.295,.024
Marisnick, Jake,545350,2018,235,131,.211,.209,.002,.399,.370,.029,.290,.278,.012
Avila, Alex,488671,2018,234,106,.165,.188,-.023,.304,.379,-.075,.273,.307,-.034
Field, Johnny,608654,2018,233,151,.222,.186,.036,.403,.316,.087,.281,.238,.043
Machado, Dixon,553988,2018,233,175,.206,.242,-.036,.290,.349,-.059,.244,.283,-.039
Maile, Luke,571912,2018,231,137,.248,.215,.033,.366,.336,.030,.310,.291,.019
Rickard, Joey,572073,2018,230,158,.244,.213,.031,.413,.333,.080,.309,.266,.043
Slater, Austin,596103,2018,225,131,.251,.214,.037,.307,.283,.024,.287,.267,.020
Murphy, John Ryan,571974,2018,223,140,.202,.195,.007,.375,.371,.004,.265,.263,.002
Guyer, Brandon,446386,2018,221,147,.206,.234,-.028,.371,.356,.015,.298,.306,-.008
Choi, Ji-Man,596847,2018,221,137,.263,.242,.021,.505,.466,.039,.367,.353,.014
Donaldson, Josh,518626,2018,219,134,.246,.246,.000,.449,.436,.013,.345,.342,.003
Kratz, Erik,456124,2018,219,166,.236,.232,.004,.355,.379,-.024,.278,.288,-.010
Reyes, Victor,622682,2018,219,168,.222,.240,-.018,.288,.328,-.040,.229,.256,-.027
Mathis, Jeff,425772,2018,218,132,.200,.185,.015,.272,.288,-.016,.243,.245,-.002
Asuaje, Carlos,641319,2018,218,147,.196,.221,-.025,.280,.320,-.040,.255,.285,-.030
Davis, Rajai,434658,2018,216,153,.224,.232,-.008,.281,.302,-.021,.251,.265,-.014
McCann, Brian,435263,2018,216,151,.212,.222,-.010,.339,.333,.006,.286,.289,-.003
Wolters, Tony,547172,2018,216,151,.170,.198,-.028,.286,.276,.010,.261,.274,-.013
Knapp, Andrew,595284,2018,215,114,.198,.202,-.004,.316,.351,-.035,.273,.288,-.015
Severino, Pedro,600474,2018,213,144,.168,.199,-.031,.247,.283,-.036,.222,.249,-.027
Perez, Roberto,547379,2018,210,118,.168,.189,-.021,.263,.305,-.042,.236,.261,-.025
Bote, David,623520,2018,210,127,.239,.259,-.020,.408,.450,-.042,.314,.353,-.039
Prado, Martin,445988,2018,209,162,.244,.252,-.008,.305,.337,-.032,.263,.280,-.017
Marte, Jefry,527043,2018,209,153,.216,.235,-.019,.371,.351,.020,.281,.284,-.003
Garcia, Greg,594824,2018,208,147,.221,.226,-.005,.304,.325,-.021,.276,.292,-.016
Swihart, Blake,596119,2018,207,135,.229,.217,.012,.328,.332,-.004,.271,.269,.002
Rodriguez, Ronny,500135,2018,206,154,.220,.220,.000,.335,.326,.009,.257,.258,-.001
Blanco, Gregor,453923,2018,203,133,.217,.229,-.012,.317,.311,.006,.254,.262,-.008
Fowler, Dustin,641583,2018,203,147,.224,.264,-.040,.354,.412,-.058,.263,.306,-.043
McMahon, Ryan,641857,2018,202,118,.232,.217,.015,.376,.333,.043,.296,.281,.015
Caratini, Victor,605170,2018,200,142,.232,.241,-.009,.304,.347,-.043,.268,.290,-.022
Sucre, Jesus,491696,2018,198,159,.209,.220,-.011,.253,.288,-.035,.219,.237,-.018
Ramirez, Hanley,434670,2018,195,144,.254,.254,.000,.395,.425,-.030,.309,.322,-.013
La Stella, Tommy,600303,2018,192,142,.266,.274,-.008,.331,.373,-.042,.300,.319,-.019
Meadows, Austin,640457,2018,191,140,.287,.268,.019,.461,.427,.034,.332,.315,.017
Mullins, Cedric,656775,2018,191,135,.235,.233,.002,.359,.333,.026,.298,.289,.009
Gonzalez, Adrian,408236,2018,187,137,.237,.253,-.016,.373,.431,-.058,.288,.321,-.033
Smith, Kevan,607345,2018,187,154,.292,.273,.019,.380,.399,-.019,.322,.326,-.004
Utley, Chase,400284,2018,187,131,.213,.214,-.001,.305,.317,-.012,.272,.283,-.011
Adduci, Jim,451192,2018,185,134,.267,.239,.028,.386,.336,.050,.291,.262,.029
Tucker, Preston,605512,2018,184,124,.229,.229,.000,.404,.347,.057,.306,.290,.016
Sisco, Chance,642082,2018,184,94,.181,.182,-.001,.269,.312,-.043,.259,.274,-.015
Ellis, A.J.,454560,2018,183,119,.272,.246,.026,.344,.374,-.030,.325,.325,.000
Naquin, Tyler,571980,2018,183,133,.264,.287,-.023,.356,.413,-.057,.282,.314,-.032
Butera, Drew,460077,2018,182,126,.190,.182,.008,.301,.277,.024,.252,.244,.008
Flaherty, Ryan,475247,2018,182,122,.217,.229,-.012,.292,.325,-.033,.258,.276,-.018
Castillo, Welington,456078,2018,181,124,.259,.243,.016,.406,.454,-.048,.309,.320,-.011
Goodwin, Brian,571718,2018,180,104,.239,.227,.012,.390,.389,.001,.311,.307,.004
LaMarre, Ryan,534606,2018,180,115,.279,.244,.035,.382,.335,.047,.306,.280,.026
Martini, Nick,605361,2018,179,117,.296,.261,.035,.414,.367,.047,.357,.331,.026
Laureano, Ramon,657656,2018,176,108,.288,.265,.023,.474,.470,.004,.358,.351,.007
Rodriguez, Sean,446481,2018,173,90,.167,.183,-.016,.313,.323,-.010,.265,.276,-.011
O'Hearn, Ryan,656811,2018,170,104,.262,.235,.027,.597,.467,.130,.398,.345,.053
Gentry, Craig,502226,2018,169,126,.269,.260,.009,.346,.330,.016,.296,.287,.009
Holaday, Bryan,592407,2018,166,125,.205,.204,.001,.258,.272,-.014,.228,.235,-.007
Voit, Luke,572228,2018,161,100,.322,.295,.027,.671,.670,.001,.447,.438,.009
Rivera, Yadiel,592680,2018,160,90,.173,.196,-.023,.216,.282,-.066,.219,.255,-.036
Kendrick, Howie,435062,2018,160,124,.303,.280,.023,.474,.434,.040,.342,.318,.024
Cespedes, Yoenis,493316,2018,157,93,.262,.199,.063,.496,.396,.100,.345,.289,.056
Cabrera, Miguel,408234,2018,157,108,.299,.313,-.014,.448,.459,-.011,.360,.375,-.015
Sierra, Magneuris,642423,2018,156,111,.190,.222,-.032,.211,.248,-.037,.192,.220,-.028
Casali, Curt,592200,2018,156,110,.293,.263,.030,.450,.379,.071,.347,.310,.037
Cordero, Franchy,614173,2018,154,85,.237,.273,-.036,.439,.502,-.063,.322,.360,-.038
Cuevas, Noel,571595,2018,153,122,.233,.239,-.006,.315,.314,.001,.254,.256,-.002
Tomlinson, Kelby,605509,2018,152,106,.207,.216,-.009,.264,.257,.007,.239,.241,-.002
Duggar, Steven,621453,2018,152,98,.255,.205,.050,.390,.306,.084,.298,.245,.053
Wilson, Bobby,435064,2018,151,102,.178,.171,.007,.281,.248,.033,.232,.225,.007
Almonte, Abraham,501659,2018,151,100,.179,.241,-.062,.284,.405,-.121,.245,.320,-.075
Smith, Dominic,642086,2018,149,96,.224,.191,.033,.420,.352,.068,.288,.249,.039
Lowe, Brandon,664040,2018,148,92,.233,.238,-.005,.450,.448,.002,.334,.338,-.004
Rua, Ryan,607387,2018,147,89,.194,.205,-.011,.360,.339,.021,.248,.251,-.003
Phillips, Brett,621433,2018,147,74,.187,.175,.012,.306,.257,.049,.246,.228,.018
Blandino, Alex,607468,2018,147,89,.234,.223,.011,.289,.301,-.012,.279,.279,.000
Ward, Taylor,621493,2018,147,90,.178,.204,-.026,.333,.352,-.019,.255,.276,-.021
Quinn, Roman,596451,2018,143,97,.260,.248,.012,.412,.326,.086,.316,.281,.035
Gonzalez, Erik,570481,2018,143,102,.265,.247,.018,.375,.341,.034,.294,.275,.019
Kieboom, Spencer,571851,2018,143,98,.232,.212,.020,.320,.291,.029,.290,.271,.019
Ortega, Rafael,542364,2018,143,110,.233,.268,-.035,.271,.330,-.059,.252,.291,-.039
O'Neill, Tyler,641933,2018,142,75,.254,.221,.033,.500,.483,.017,.340,.323,.017
Pena, Francisco,506747,2018,142,92,.203,.188,.015,.271,.266,.005,.215,.208,.007
Shuck, JB,543776,2018,142,109,.192,.219,-.027,.231,.274,-.043,.219,.250,-.031
Saladino, Tyler,573135,2018,139,88,.246,.251,-.005,.397,.421,-.024,.302,.314,-.012
Crawford, J.P.,641487,2018,138,82,.214,.210,.004,.393,.340,.053,.313,.298,.015
Thompson, Trayce,572204,2018,137,80,.117,.147,-.030,.211,.273,-.062,.162,.202,-.040
Tocci, Carlos,624636,2018,135,88,.225,.185,.040,.283,.232,.051,.247,.210,.037
Valaika, Pat,642162,2018,133,94,.156,.196,-.040,.246,.281,-.035,.207,.239,-.032
Williams, Mason,592863,2018,132,96,.293,.256,.037,.398,.353,.045,.315,.283,.032
McKinney, Billy,641856,2018,132,87,.252,.249,.003,.462,.457,.005,.335,.336,-.001
Romine, Andrew,461865,2018,131,84,.210,.221,-.011,.244,.272,-.028,.228,.247,-.019
Young, Chris,455759,2018,128,78,.168,.182,-.014,.363,.302,.061,.268,.262,.006
Briceno, Jose,593993,2018,128,83,.239,.258,-.019,.385,.384,.001,.300,.308,-.008
Alvarez, Pedro,476883,2018,127,75,.180,.206,-.026,.414,.442,-.028,.304,.324,-.020
Robinson, Drew,592685,2018,125,52,.183,.177,.006,.294,.321,-.027,.266,.275,-.009
Cowart, Kaleb,592230,2018,124,69,.134,.155,-.021,.241,.247,-.006,.204,.214,-.010
Dixon, Brandon,641525,2018,124,75,.178,.200,-.022,.356,.366,-.010,.247,.260,-.013
Fernandez, Jose Miguel,628336,2018,123,101,.267,.290,-.023,.388,.409,-.021,.304,.321,-.017
Dean, Austin,621573,2018,122,91,.221,.268,-.047,.363,.410,-.047,.281,.319,-.038
Tilson, Charlie,605508,2018,121,89,.264,.244,.020,.292,.273,.019,.282,.268,.014
Goins, Ryan,572365,2018,120,87,.226,.213,.013,.313,.283,.030,.246,.229,.017
Diaz, Yandy,650490,2018,120,90,.312,.310,.002,.422,.439,-.017,.346,.354,-.008
Wynns, Austin,642851,2018,118,88,.255,.268,-.013,.382,.387,-.005,.291,.300,-.009
Lopez, Raffy,607257,2018,117,61,.176,.185,-.009,.284,.312,-.028,.236,.253,-.017
Cuthbert, Cheslor,596144,2018,117,81,.194,.230,-.036,.301,.342,-.041,.263,.295,-.032
Young Jr., Eric,458913,2018,117,82,.202,.246,-.044,.303,.308,-.005,.241,.271,-.030
Greiner, Grayson,606988,2018,116,67,.219,.216,.003,.281,.361,-.080,.279,.320,-.041
Seager, Corey,608369,2018,115,85,.267,.293,-.026,.396,.498,-.102,.324,.376,-.052
Zimmer, Bradley,605548,2018,114,62,.226,.226,.000,.330,.384,-.054,.270,.288,-.018
Davis, J.D.,605204,2018,113,74,.175,.224,-.049,.223,.386,-.163,.218,.299,-.081
Sogard, Eric,519299,2018,113,76,.134,.200,-.066,.165,.284,-.119,.194,.266,-.072
Osuna, Jose,591741,2018,111,85,.226,.251,-.025,.396,.385,.011,.276,.285,-.009
Santander, Anthony,623993,2018,108,80,.198,.207,-.009,.297,.333,-.036,.242,.261,-.019
Calhoun, Willie,641432,2018,108,77,.222,.211,.011,.333,.320,.013,.263,.258,.005
Urena, Richard,620446,2018,108,69,.293,.238,.055,.364,.322,.042,.311,.273,.038
Rondon, Jose,602922,2018,107,70,.230,.237,-.007,.470,.398,.072,.319,.301,.018
Freitas, David,571679,2018,106,69,.215,.241,-.026,.312,.387,-.075,.262,.302,-.040
Arcia, Francisco,516472,2018,106,76,.204,.199,.005,.427,.310,.117,.277,.231,.046
Williamson, Mac,607776,2018,105,67,.213,.212,.001,.383,.378,.005,.298,.296,.002
Luplow, Jordan,656669,2018,103,74,.185,.220,-.035,.359,.368,-.009,.277,.296,-.019
Refsnyder, Rob,608701,2018,103,58,.167,.220,-.053,.274,.350,-.076,.276,.322,-.046
Vogelbach, Daniel,596129,2018,102,61,.207,.260,-.053,.368,.486,-.118,.310,.369,-.059
Torreyes, Ronald,591720,2018,102,84,.280,.234,.046,.370,.293,.077,.287,.238,.049
Phegley, Josh,572033,2018,102,68,.204,.158,.046,.344,.274,.070,.259,.216,.043
Lugo, Dawel,608475,2018,101,74,.213,.230,-.017,.309,.291,.018,.255,.262,-.007
d'Arnaud, Chase,488818,2018,100,58,.215,.207,.008,.366,.326,.040,.266,.249,.017